date;ninsee;no2;o3;pm10;arrondissement_nom;categorie_no2;categorie_pm10;categorie_o3;qualite_air
2018-04-01;75101;39;34;23;Paris 1er;Bonne;Moyenne;Moyenne;Moyenne
2018-04-01;75102;32;42;25;Paris 2e;Bonne;Moyenne;Moyenne;Moyenne
2018-04-01;75103;21;40;20;Paris 3e;Bonne;Moyenne;Moyenne;Bonne
2018-04-01;75101;30;33;22;Paris 1er;Bonne;Moyenne;Moyenne;Bonne
2018-04-01;75102;32;33;22;Paris 2e;Bonne;Moyenne;Moyenne;Bonne
2018-04-01;75103;32;33;22;Paris 3e;Bonne;Moyenne;Moyenne;Bonne
2018-04-01;75104;31;33;22;Paris 4e;Bonne;Moyenne;Moyenne;Bonne
2018-04-01;75105;30;33;22;Paris 5e;Bonne;Moyenne;Moyenne;Bonne
2018-04-01;75106;30;33;22;Paris 6e;Bonne;Moyenne;Moyenne;Bonne
2018-04-01;75107;30;33;22;Paris 7e;Bonne;Moyenne;Moyenne;Bonne
2018-04-01;75108;30;33;22;Paris 8e;Bonne;Moyenne;Moyenne;Bonne
2018-04-01;75109;31;33;22;Paris 9e;Bonne;Moyenne;Moyenne;Bonne
2018-04-01;75110;34;33;22;Paris 10e;Bonne;Moyenne;Moyenne;Bonne
2018-04-01;75111;34;33;22;Paris 11e;Bonne;Moyenne;Moyenne;Bonne
2018-04-01;75112;33;33;24;Paris 12e;Bonne;Moyenne;Moyenne;Moyenne
2018-04-01;75113;30;33;22;Paris 13e;Bonne;Moyenne;Moyenne;Bonne
2018-04-01;75114;29;34;22;Paris 14e;Bonne;Moyenne;Moyenne;Bonne
2018-04-01;75115;29;35;22;Paris 15e;Bonne;Moyenne;Moyenne;Bonne
2018-04-01;75116;29;35;20;Paris 16e;Bonne;Moyenne;Moyenne;Bonne
2018-04-01;75117;30;33;22;Paris 17e;Bonne;Moyenne;Moyenne;Bonne
2018-04-01;75118;35;34;22;Paris 18e;Bonne;Moyenne;Moyenne;Moyenne
2018-04-01;75119;39;33;22;Paris 19e;Bonne;Moyenne;Moyenne;Moyenne
2018-04-01;75120;36;33;22;Paris 20e;Bonne;Moyenne;Moyenne;Moyenne
2018-04-02;75101;31;30;20;Paris 1er;Bonne;Moyenne;Moyenne;Bonne
2018-04-02;75102;21;34;21;Paris 2e;Bonne;Moyenne;Moyenne;Bonne
2018-04-02;75103;22;34;18;Paris 3e;Bonne;Bonne;Moyenne;Bonne
2018-04-02;75101;31;28;19;Paris 1er;Bonne;Bonne;Bonne;Bonne
2018-04-02;75102;32;28;19;Paris 2e;Bonne;Bonne;Bonne;Bonne
2018-04-02;75103;31;29;19;Paris 3e;Bonne;Bonne;Bonne;Bonne
2018-04-02;75104;31;29;19;Paris 4e;Bonne;Bonne;Bonne;Bonne
2018-04-02;75105;30;29;19;Paris 5e;Bonne;Bonne;Bonne;Bonne
2018-04-02;75106;30;29;19;Paris 6e;Bonne;Bonne;Bonne;Bonne
2018-04-02;75107;31;29;19;Paris 7e;Bonne;Bonne;Bonne;Bonne
2018-04-02;75108;32;28;19;Paris 8e;Bonne;Bonne;Bonne;Bonne
2018-04-02;75109;32;28;19;Paris 9e;Bonne;Bonne;Bonne;Bonne
2018-04-02;75110;32;29;19;Paris 10e;Bonne;Bonne;Bonne;Bonne
2018-04-02;75111;29;30;19;Paris 11e;Bonne;Bonne;Moyenne;Bonne
2018-04-02;75112;29;31;19;Paris 12e;Bonne;Bonne;Moyenne;Bonne
2018-04-02;75113;29;30;20;Paris 13e;Bonne;Moyenne;Moyenne;Bonne
2018-04-02;75114;29;30;19;Paris 14e;Bonne;Bonne;Moyenne;Bonne
2018-04-02;75115;28;30;19;Paris 15e;Bonne;Bonne;Moyenne;Bonne
2018-04-02;75116;31;30;19;Paris 16e;Bonne;Bonne;Moyenne;Bonne
2018-04-02;75117;32;28;19;Paris 17e;Bonne;Bonne;Bonne;Bonne
2018-04-02;75118;32;29;19;Paris 18e;Bonne;Bonne;Bonne;Bonne
2018-04-02;75119;29;30;19;Paris 19e;Bonne;Bonne;Moyenne;Bonne
2018-04-02;75120;28;30;19;Paris 20e;Bonne;Bonne;Moyenne;Bonne
2018-04-03;75101;34;28;20;Paris 1er;Bonne;Moyenne;Bonne;Bonne
2018-04-03;75102;26;36;18;Paris 2e;Bonne;Bonne;Moyenne;Bonne
2018-04-03;75103;23;37;16;Paris 3e;Bonne;Bonne;Moyenne;Bonne
2018-04-03;75101;30;26;19;Paris 1er;Bonne;Bonne;Bonne;Bonne
2018-04-03;75102;30;27;19;Paris 2e;Bonne;Bonne;Bonne;Bonne
2018-04-03;75103;31;27;19;Paris 3e;Bonne;Bonne;Bonne;Bonne
2018-04-03;75104;31;27;19;Paris 4e;Bonne;Bonne;Bonne;Bonne
2018-04-03;75105;30;27;19;Paris 5e;Bonne;Bonne;Bonne;Bonne
2018-04-03;75106;30;27;19;Paris 6e;Bonne;Bonne;Bonne;Bonne
2018-04-03;75107;30;26;19;Paris 7e;Bonne;Bonne;Bonne;Bonne
2018-04-03;75108;32;26;19;Paris 8e;Bonne;Bonne;Bonne;Bonne
2018-04-03;75109;30;27;19;Paris 9e;Bonne;Bonne;Bonne;Bonne
2018-04-03;75110;31;28;19;Paris 10e;Bonne;Bonne;Bonne;Bonne
2018-04-03;75111;31;28;19;Paris 11e;Bonne;Bonne;Bonne;Bonne
2018-04-03;75112;31;28;19;Paris 12e;Bonne;Bonne;Bonne;Bonne
2018-04-03;75113;31;28;19;Paris 13e;Bonne;Bonne;Bonne;Bonne
2018-04-03;75114;29;28;19;Paris 14e;Bonne;Bonne;Bonne;Bonne
2018-04-03;75115;28;28;19;Paris 15e;Bonne;Bonne;Bonne;Bonne
2018-04-03;75116;35;27;19;Paris 16e;Bonne;Bonne;Bonne;Bonne
2018-04-03;75117;33;28;19;Paris 17e;Bonne;Bonne;Bonne;Bonne
2018-04-03;75118;32;29;19;Paris 18e;Bonne;Bonne;Bonne;Bonne
2018-04-03;75119;35;29;19;Paris 19e;Bonne;Bonne;Bonne;Bonne
2018-04-03;75120;31;28;19;Paris 20e;Bonne;Bonne;Bonne;Bonne
2018-04-04;75101;39;39;15;Paris 1er;Bonne;Bonne;Moyenne;Moyenne
2018-04-04;75102;24;43;13;Paris 2e;Bonne;Bonne;Moyenne;Bonne
2018-04-04;75103;31;43;15;Paris 3e;Bonne;Bonne;Moyenne;Bonne
2018-04-04;75101;39;38;14;Paris 1er;Bonne;Bonne;Moyenne;Moyenne
2018-04-04;75102;39;38;14;Paris 2e;Bonne;Bonne;Moyenne;Moyenne
2018-04-04;75103;39;38;12;Paris 3e;Bonne;Bonne;Moyenne;Bonne
2018-04-04;75104;39;38;14;Paris 4e;Bonne;Bonne;Moyenne;Moyenne
2018-04-04;75105;39;38;14;Paris 5e;Bonne;Bonne;Moyenne;Moyenne
2018-04-04;75106;39;38;14;Paris 6e;Bonne;Bonne;Moyenne;Moyenne
2018-04-04;75107;39;38;15;Paris 7e;Bonne;Bonne;Moyenne;Moyenne
2018-04-04;75108;39;38;14;Paris 8e;Bonne;Bonne;Moyenne;Moyenne
2018-04-04;75109;38;38;14;Paris 9e;Bonne;Bonne;Moyenne;Moyenne
2018-04-04;75110;39;39;12;Paris 10e;Bonne;Bonne;Moyenne;Moyenne
2018-04-04;75111;39;39;12;Paris 11e;Bonne;Bonne;Moyenne;Moyenne
2018-04-04;75112;39;39;14;Paris 12e;Bonne;Bonne;Moyenne;Moyenne
2018-04-04;75113;39;38;15;Paris 13e;Bonne;Bonne;Moyenne;Moyenne
2018-04-04;75114;38;38;15;Paris 14e;Bonne;Bonne;Moyenne;Moyenne
2018-04-04;75115;37;38;15;Paris 15e;Bonne;Bonne;Moyenne;Moyenne
2018-04-04;75116;40;38;15;Paris 16e;Moyenne;Bonne;Moyenne;Moyenne
2018-04-04;75117;39;39;14;Paris 17e;Bonne;Bonne;Moyenne;Moyenne
2018-04-04;75118;38;40;14;Paris 18e;Bonne;Bonne;Moyenne;Moyenne
2018-04-04;75119;38;40;12;Paris 19e;Bonne;Bonne;Moyenne;Moyenne
2018-04-04;75120;38;39;12;Paris 20e;Bonne;Bonne;Moyenne;Bonne
2018-04-05;75101;37;35;21;Paris 1er;Bonne;Moyenne;Moyenne;Moyenne
2018-04-05;75102;31;41;18;Paris 2e;Bonne;Bonne;Moyenne;Moyenne
2018-04-05;75103;41;38;18;Paris 3e;Moyenne;Bonne;Moyenne;Moyenne
2018-04-05;75101;33;34;20;Paris 1er;Bonne;Moyenne;Moyenne;Bonne
2018-04-05;75102;33;35;20;Paris 2e;Bonne;Moyenne;Moyenne;Bonne
2018-04-05;75103;33;35;20;Paris 3e;Bonne;Moyenne;Moyenne;Bonne
2018-04-05;75104;33;35;20;Paris 4e;Bonne;Moyenne;Moyenne;Bonne
2018-04-05;75105;32;34;22;Paris 5e;Bonne;Moyenne;Moyenne;Bonne
2018-04-05;75106;32;34;20;Paris 6e;Bonne;Moyenne;Moyenne;Bonne
2018-04-05;75107;34;34;20;Paris 7e;Bonne;Moyenne;Moyenne;Bonne
2018-04-05;75108;35;34;20;Paris 8e;Bonne;Moyenne;Moyenne;Bonne
2018-04-05;75109;34;35;20;Paris 9e;Bonne;Moyenne;Moyenne;Bonne
2018-04-05;75110;34;35;20;Paris 10e;Bonne;Moyenne;Moyenne;Bonne
2018-04-05;75111;35;35;20;Paris 11e;Bonne;Moyenne;Moyenne;Moyenne
2018-04-05;75112;38;35;20;Paris 12e;Bonne;Moyenne;Moyenne;Moyenne
2018-04-05;75113;35;34;22;Paris 13e;Bonne;Moyenne;Moyenne;Moyenne
2018-04-05;75114;33;34;22;Paris 14e;Bonne;Moyenne;Moyenne;Bonne
2018-04-05;75115;34;34;20;Paris 15e;Bonne;Moyenne;Moyenne;Bonne
2018-04-05;75116;35;34;20;Paris 16e;Bonne;Moyenne;Moyenne;Bonne
2018-04-05;75117;36;35;20;Paris 17e;Bonne;Moyenne;Moyenne;Moyenne
2018-04-05;75118;35;35;20;Paris 18e;Bonne;Moyenne;Moyenne;Moyenne
2018-04-05;75119;35;35;20;Paris 19e;Bonne;Moyenne;Moyenne;Moyenne
2018-04-05;75120;36;35;20;Paris 20e;Bonne;Moyenne;Moyenne;Moyenne
2018-04-06;75101;46;37;29;Paris 1er;Moyenne;Moyenne;Moyenne;Moyenne
2018-04-06;75102;25;44;25;Paris 2e;Bonne;Moyenne;Moyenne;Moyenne
2018-04-06;75103;40;41;31;Paris 3e;Moyenne;Moyenne;Moyenne;Moyenne
2018-04-06;75101;36;33;30;Paris 1er;Bonne;Moyenne;Moyenne;Moyenne
2018-04-06;75102;38;34;30;Paris 2e;Bonne;Moyenne;Moyenne;Moyenne
2018-04-06;75103;37;34;30;Paris 3e;Bonne;Moyenne;Moyenne;Moyenne
2018-04-06;75104;36;35;30;Paris 4e;Bonne;Moyenne;Moyenne;Moyenne
2018-04-06;75105;34;35;30;Paris 5e;Bonne;Moyenne;Moyenne;Moyenne
2018-04-06;75106;33;34;30;Paris 6e;Bonne;Moyenne;Moyenne;Moyenne
2018-04-06;75107;35;33;30;Paris 7e;Bonne;Moyenne;Moyenne;Moyenne
2018-04-06;75108;42;33;30;Paris 8e;Moyenne;Moyenne;Moyenne;Moyenne
2018-04-06;75109;41;33;29;Paris 9e;Moyenne;Moyenne;Moyenne;Moyenne
2018-04-06;75110;41;35;29;Paris 10e;Moyenne;Moyenne;Moyenne;Moyenne
2018-04-06;75111;38;36;29;Paris 11e;Bonne;Moyenne;Moyenne;Moyenne
2018-04-06;75112;38;38;29;Paris 12e;Bonne;Moyenne;Moyenne;Moyenne
2018-04-06;75113;34;36;29;Paris 13e;Bonne;Moyenne;Moyenne;Moyenne
2018-04-06;75114;31;35;29;Paris 14e;Bonne;Moyenne;Moyenne;Moyenne
2018-04-06;75115;34;33;29;Paris 15e;Bonne;Moyenne;Moyenne;Moyenne
2018-04-06;75116;45;32;30;Paris 16e;Moyenne;Moyenne;Moyenne;Moyenne
2018-04-06;75117;47;33;30;Paris 17e;Moyenne;Moyenne;Moyenne;Moyenne
2018-04-06;75118;45;35;27;Paris 18e;Moyenne;Moyenne;Moyenne;Moyenne
2018-04-06;75119;40;36;29;Paris 19e;Moyenne;Moyenne;Moyenne;Moyenne
2018-04-06;75120;38;36;29;Paris 20e;Bonne;Moyenne;Moyenne;Moyenne
2018-04-07;75101;42;38;27;Paris 1er;Moyenne;Moyenne;Moyenne;Moyenne
2018-04-07;75102;45;42;26;Paris 2e;Moyenne;Moyenne;Moyenne;Moyenne
2018-04-07;75103;34;39;25;Paris 3e;Bonne;Moyenne;Moyenne;Moyenne
2018-04-07;75101;35;35;29;Paris 1er;Bonne;Moyenne;Moyenne;Moyenne
2018-04-07;75102;34;36;29;Paris 2e;Bonne;Moyenne;Moyenne;Moyenne
2018-04-07;75103;35;36;29;Paris 3e;Bonne;Moyenne;Moyenne;Moyenne
2018-04-07;75104;35;36;29;Paris 4e;Bonne;Moyenne;Moyenne;Moyenne
2018-04-07;75105;33;36;29;Paris 5e;Bonne;Moyenne;Moyenne;Moyenne
2018-04-07;75106;33;36;29;Paris 6e;Bonne;Moyenne;Moyenne;Moyenne
2018-04-07;75107;38;35;29;Paris 7e;Bonne;Moyenne;Moyenne;Moyenne
2018-04-07;75108;36;35;29;Paris 8e;Bonne;Moyenne;Moyenne;Moyenne
2018-04-07;75109;33;36;29;Paris 9e;Bonne;Moyenne;Moyenne;Moyenne
2018-04-07;75110;34;37;29;Paris 10e;Bonne;Moyenne;Moyenne;Moyenne
2018-04-07;75111;37;37;29;Paris 11e;Bonne;Moyenne;Moyenne;Moyenne
2018-04-07;75112;42;39;29;Paris 12e;Moyenne;Moyenne;Moyenne;Moyenne
2018-04-07;75113;33;37;29;Paris 13e;Bonne;Moyenne;Moyenne;Moyenne
2018-04-07;75114;31;36;29;Paris 14e;Bonne;Moyenne;Moyenne;Moyenne
2018-04-07;75115;35;36;27;Paris 15e;Bonne;Moyenne;Moyenne;Moyenne
2018-04-07;75116;37;35;27;Paris 16e;Bonne;Moyenne;Moyenne;Moyenne
2018-04-07;75117;36;36;27;Paris 17e;Bonne;Moyenne;Moyenne;Moyenne
2018-04-07;75118;31;38;29;Paris 18e;Bonne;Moyenne;Moyenne;Moyenne
2018-04-07;75119;33;38;27;Paris 19e;Bonne;Moyenne;Moyenne;Moyenne
2018-04-07;75120;38;38;27;Paris 20e;Bonne;Moyenne;Moyenne;Moyenne
2018-04-08;75101;24;45;32;Paris 1er;Bonne;Moyenne;Mauvaise;Moyenne
2018-04-08;75102;20;47;29;Paris 2e;Bonne;Moyenne;Mauvaise;Moyenne
2018-04-08;75103;20;46;29;Paris 3e;Bonne;Moyenne;Mauvaise;Moyenne
2018-04-08;75101;22;43;30;Paris 1er;Bonne;Moyenne;Moyenne;Moyenne
2018-04-08;75102;22;43;32;Paris 2e;Bonne;Moyenne;Moyenne;Moyenne
2018-04-08;75103;21;43;32;Paris 3e;Bonne;Moyenne;Moyenne;Moyenne
2018-04-08;75104;22;43;32;Paris 4e;Bonne;Moyenne;Moyenne;Moyenne
2018-04-08;75105;21;43;30;Paris 5e;Bonne;Moyenne;Moyenne;Moyenne
2018-04-08;75106;21;43;30;Paris 6e;Bonne;Moyenne;Moyenne;Moyenne
2018-04-08;75107;22;43;30;Paris 7e;Bonne;Moyenne;Moyenne;Moyenne
2018-04-08;75108;24;43;32;Paris 8e;Bonne;Moyenne;Moyenne;Moyenne
2018-04-08;75109;23;44;32;Paris 9e;Bonne;Moyenne;Moyenne;Moyenne
2018-04-08;75110;23;45;34;Paris 10e;Bonne;Moyenne;Mauvaise;Moyenne
2018-04-08;75111;21;44;32;Paris 11e;Bonne;Moyenne;Moyenne;Moyenne
2018-04-08;75112;20;45;32;Paris 12e;Bonne;Moyenne;Mauvaise;Moyenne
2018-04-08;75113;20;45;32;Paris 13e;Bonne;Moyenne;Mauvaise;Moyenne
2018-04-08;75114;20;44;30;Paris 14e;Bonne;Moyenne;Moyenne;Moyenne
2018-04-08;75115;20;43;30;Paris 15e;Bonne;Moyenne;Moyenne;Moyenne
2018-04-08;75116;25;43;30;Paris 16e;Bonne;Moyenne;Moyenne;Moyenne
2018-04-08;75117;25;44;34;Paris 17e;Bonne;Moyenne;Moyenne;Moyenne
2018-04-08;75118;23;46;34;Paris 18e;Bonne;Moyenne;Mauvaise;Moyenne
2018-04-08;75119;22;46;34;Paris 19e;Bonne;Moyenne;Mauvaise;Moyenne
2018-04-08;75120;21;45;32;Paris 20e;Bonne;Moyenne;Mauvaise;Moyenne
2018-04-09;75101;47;31;46;Paris 1er;Moyenne;Mauvaise;Moyenne;Mauvaise
2018-04-09;75102;39;39;43;Paris 2e;Bonne;Mauvaise;Moyenne;Mauvaise
2018-04-09;75103;40;35;44;Paris 3e;Moyenne;Mauvaise;Moyenne;Moyenne
2018-04-09;75101;44;28;40;Paris 1er;Moyenne;Mauvaise;Bonne;Moyenne
2018-04-09;75102;44;28;42;Paris 2e;Moyenne;Mauvaise;Bonne;Moyenne
2018-04-09;75103;44;28;42;Paris 3e;Moyenne;Mauvaise;Bonne;Moyenne
2018-04-09;75104;44;28;42;Paris 4e;Moyenne;Mauvaise;Bonne;Moyenne
2018-04-09;75105;43;28;40;Paris 5e;Moyenne;Mauvaise;Bonne;Moyenne
2018-04-09;75106;43;28;40;Paris 6e;Moyenne;Mauvaise;Bonne;Moyenne
2018-04-09;75107;43;30;40;Paris 7e;Moyenne;Mauvaise;Moyenne;Moyenne
2018-04-09;75108;43;30;44;Paris 8e;Moyenne;Mauvaise;Moyenne;Moyenne
2018-04-09;75109;44;28;44;Paris 9e;Moyenne;Mauvaise;Bonne;Moyenne
2018-04-09;75110;45;27;44;Paris 10e;Moyenne;Mauvaise;Bonne;Moyenne
2018-04-09;75111;44;27;44;Paris 11e;Moyenne;Mauvaise;Bonne;Moyenne
2018-04-09;75112;48;27;44;Paris 12e;Moyenne;Mauvaise;Bonne;Moyenne
2018-04-09;75113;46;28;42;Paris 13e;Moyenne;Mauvaise;Bonne;Moyenne
2018-04-09;75114;44;29;39;Paris 14e;Moyenne;Moyenne;Bonne;Moyenne
2018-04-09;75115;43;30;39;Paris 15e;Moyenne;Moyenne;Moyenne;Moyenne
2018-04-09;75116;41;31;44;Paris 16e;Moyenne;Mauvaise;Moyenne;Moyenne
2018-04-09;75117;43;30;45;Paris 17e;Moyenne;Mauvaise;Moyenne;Moyenne
2018-04-09;75118;46;28;47;Paris 18e;Moyenne;Mauvaise;Bonne;Mauvaise
2018-04-09;75119;46;26;47;Paris 19e;Moyenne;Mauvaise;Bonne;Moyenne
2018-04-09;75120;43;26;45;Paris 20e;Moyenne;Mauvaise;Bonne;Moyenne
2018-04-10;75101;33;43;25;Paris 1er;Bonne;Moyenne;Moyenne;Moyenne
2018-04-10;75102;20;46;21;Paris 2e;Bonne;Moyenne;Mauvaise;Bonne
2018-04-10;75103;27;45;23;Paris 3e;Bonne;Moyenne;Mauvaise;Moyenne
2018-04-10;75101;30;41;22;Paris 1er;Bonne;Moyenne;Moyenne;Moyenne
2018-04-10;75102;31;41;24;Paris 2e;Bonne;Moyenne;Moyenne;Moyenne
2018-04-10;75103;31;41;22;Paris 3e;Bonne;Moyenne;Moyenne;Moyenne
2018-04-10;75104;32;42;22;Paris 4e;Bonne;Moyenne;Moyenne;Moyenne
2018-04-10;75105;29;42;22;Paris 5e;Bonne;Moyenne;Moyenne;Moyenne
2018-04-10;75106;28;42;22;Paris 6e;Bonne;Moyenne;Moyenne;Moyenne
2018-04-10;75107;27;42;22;Paris 7e;Bonne;Moyenne;Moyenne;Moyenne
2018-04-10;75108;28;41;22;Paris 8e;Bonne;Moyenne;Moyenne;Moyenne
2018-04-10;75109;29;41;22;Paris 9e;Bonne;Moyenne;Moyenne;Moyenne
2018-04-10;75110;31;41;24;Paris 10e;Bonne;Moyenne;Moyenne;Moyenne
2018-04-10;75111;31;42;24;Paris 11e;Bonne;Moyenne;Moyenne;Moyenne
2018-04-10;75112;28;43;22;Paris 12e;Bonne;Moyenne;Moyenne;Moyenne
2018-04-10;75113;27;43;22;Paris 13e;Bonne;Moyenne;Moyenne;Moyenne
2018-04-10;75114;25;43;22;Paris 14e;Bonne;Moyenne;Moyenne;Moyenne
2018-04-10;75115;24;43;22;Paris 15e;Bonne;Moyenne;Moyenne;Bonne
2018-04-10;75116;28;42;22;Paris 16e;Bonne;Moyenne;Moyenne;Moyenne
2018-04-10;75117;29;41;24;Paris 17e;Bonne;Moyenne;Moyenne;Moyenne
2018-04-10;75118;30;41;24;Paris 18e;Bonne;Moyenne;Moyenne;Moyenne
2018-04-10;75119;33;42;24;Paris 19e;Bonne;Moyenne;Moyenne;Moyenne
2018-04-10;75120;30;43;24;Paris 20e;Bonne;Moyenne;Moyenne;Moyenne
2018-04-11;75101;50;48;29;Paris 1er;Mauvaise;Moyenne;Mauvaise;Mauvaise
2018-04-11;75102;41;50;23;Paris 2e;Moyenne;Moyenne;Mauvaise;Moyenne
2018-04-11;75103;37;48;31;Paris 3e;Bonne;Moyenne;Mauvaise;Moyenne
2018-04-11;75101;37;46;25;Paris 1er;Bonne;Moyenne;Mauvaise;Moyenne
2018-04-11;75102;40;46;27;Paris 2e;Moyenne;Moyenne;Mauvaise;Moyenne
2018-04-11;75103;38;48;25;Paris 3e;Bonne;Moyenne;Mauvaise;Moyenne
2018-04-11;75104;37;48;25;Paris 4e;Bonne;Moyenne;Mauvaise;Moyenne
2018-04-11;75105;36;47;25;Paris 5e;Bonne;Moyenne;Mauvaise;Moyenne
2018-04-11;75106;35;47;25;Paris 6e;Bonne;Moyenne;Mauvaise;Moyenne
2018-04-11;75107;37;46;27;Paris 7e;Bonne;Moyenne;Mauvaise;Moyenne
2018-04-11;75108;42;45;29;Paris 8e;Moyenne;Moyenne;Mauvaise;Moyenne
2018-04-11;75109;42;45;27;Paris 9e;Moyenne;Moyenne;Mauvaise;Moyenne
2018-04-11;75110;44;47;27;Paris 10e;Moyenne;Moyenne;Mauvaise;Moyenne
2018-04-11;75111;42;48;27;Paris 11e;Moyenne;Moyenne;Mauvaise;Moyenne
2018-04-11;75112;41;49;25;Paris 12e;Moyenne;Moyenne;Mauvaise;Moyenne
2018-04-11;75113;38;48;25;Paris 13e;Bonne;Moyenne;Mauvaise;Moyenne
2018-04-11;75114;34;47;25;Paris 14e;Bonne;Moyenne;Mauvaise;Moyenne
2018-04-11;75115;36;45;27;Paris 15e;Bonne;Moyenne;Mauvaise;Moyenne
2018-04-11;75116;41;44;30;Paris 16e;Moyenne;Moyenne;Moyenne;Moyenne
2018-04-11;75117;46;44;30;Paris 17e;Moyenne;Moyenne;Moyenne;Mauvaise
2018-04-11;75118;48;45;30;Paris 18e;Moyenne;Moyenne;Mauvaise;Mauvaise
2018-04-11;75119;50;48;30;Paris 19e;Mauvaise;Moyenne;Mauvaise;Mauvaise
2018-04-11;75120;45;48;27;Paris 20e;Moyenne;Moyenne;Mauvaise;Mauvaise
2018-04-12;75101;37;28;56;Paris 1er;Bonne;Mauvaise;Bonne;Mauvaise
2018-04-12;75102;31;36;48;Paris 2e;Bonne;Mauvaise;Moyenne;Moyenne
2018-04-12;75103;31;35;57;Paris 3e;Bonne;Mauvaise;Moyenne;Mauvaise
2018-04-12;75101;35;23;50;Paris 1er;Bonne;Mauvaise;Bonne;Moyenne
2018-04-12;75102;35;24;52;Paris 2e;Bonne;Mauvaise;Bonne;Moyenne
2018-04-12;75103;34;22;50;Paris 3e;Bonne;Mauvaise;Bonne;Moyenne
2018-04-12;75104;35;22;50;Paris 4e;Bonne;Mauvaise;Bonne;Moyenne
2018-04-12;75105;34;22;49;Paris 5e;Bonne;Mauvaise;Bonne;Moyenne
2018-04-12;75106;34;23;50;Paris 6e;Bonne;Mauvaise;Bonne;Moyenne
2018-04-12;75107;36;24;53;Paris 7e;Bonne;Mauvaise;Bonne;Moyenne
2018-04-12;75108;36;25;54;Paris 8e;Bonne;Mauvaise;Bonne;Moyenne
2018-04-12;75109;36;25;53;Paris 9e;Bonne;Mauvaise;Bonne;Moyenne
2018-04-12;75110;36;25;53;Paris 10e;Bonne;Mauvaise;Bonne;Moyenne
2018-04-12;75111;35;23;50;Paris 11e;Bonne;Mauvaise;Bonne;Moyenne
2018-04-12;75112;35;22;49;Paris 12e;Bonne;Mauvaise;Bonne;Moyenne
2018-04-12;75113;33;23;49;Paris 13e;Bonne;Mauvaise;Bonne;Moyenne
2018-04-12;75114;34;24;49;Paris 14e;Bonne;Mauvaise;Bonne;Moyenne
2018-04-12;75115;35;25;52;Paris 15e;Bonne;Mauvaise;Bonne;Moyenne
2018-04-12;75116;36;26;57;Paris 16e;Bonne;Mauvaise;Bonne;Moyenne
2018-04-12;75117;37;27;57;Paris 17e;Bonne;Mauvaise;Bonne;Mauvaise
2018-04-12;75118;37;28;55;Paris 18e;Bonne;Mauvaise;Bonne;Mauvaise
2018-04-12;75119;38;25;54;Paris 19e;Bonne;Mauvaise;Bonne;Moyenne
2018-04-12;75120;35;23;50;Paris 20e;Bonne;Mauvaise;Bonne;Moyenne
2018-04-13;75101;53;40;31;Paris 1er;Mauvaise;Moyenne;Moyenne;Mauvaise
2018-04-13;75102;42;43;27;Paris 2e;Moyenne;Moyenne;Moyenne;Moyenne
2018-04-13;75103;37;41;29;Paris 3e;Bonne;Moyenne;Moyenne;Moyenne
2018-04-13;75101;51;39;29;Paris 1er;Mauvaise;Moyenne;Moyenne;Moyenne
2018-04-13;75102;52;39;30;Paris 2e;Mauvaise;Moyenne;Moyenne;Mauvaise
2018-04-13;75103;52;39;30;Paris 3e;Mauvaise;Moyenne;Moyenne;Mauvaise
2018-04-13;75104;51;39;29;Paris 4e;Mauvaise;Moyenne;Moyenne;Moyenne
2018-04-13;75105;51;39;29;Paris 5e;Mauvaise;Moyenne;Moyenne;Moyenne
2018-04-13;75106;50;39;29;Paris 6e;Mauvaise;Moyenne;Moyenne;Moyenne
2018-04-13;75107;51;39;29;Paris 7e;Mauvaise;Moyenne;Moyenne;Moyenne
2018-04-13;75108;51;39;30;Paris 8e;Mauvaise;Moyenne;Moyenne;Mauvaise
2018-04-13;75109;52;39;30;Paris 9e;Mauvaise;Moyenne;Moyenne;Mauvaise
2018-04-13;75110;52;40;30;Paris 10e;Mauvaise;Moyenne;Moyenne;Mauvaise
2018-04-13;75111;52;40;30;Paris 11e;Mauvaise;Moyenne;Moyenne;Mauvaise
2018-04-13;75112;51;40;30;Paris 12e;Mauvaise;Moyenne;Moyenne;Mauvaise
2018-04-13;75113;51;40;29;Paris 13e;Mauvaise;Moyenne;Moyenne;Mauvaise
2018-04-13;75114;49;39;27;Paris 14e;Moyenne;Moyenne;Moyenne;Moyenne
2018-04-13;75115;46;39;27;Paris 15e;Moyenne;Moyenne;Moyenne;Moyenne
2018-04-13;75116;49;39;30;Paris 16e;Moyenne;Moyenne;Moyenne;Moyenne
2018-04-13;75117;52;40;30;Paris 17e;Mauvaise;Moyenne;Moyenne;Mauvaise
2018-04-13;75118;53;40;30;Paris 18e;Mauvaise;Moyenne;Moyenne;Mauvaise
2018-04-13;75119;53;40;30;Paris 19e;Mauvaise;Moyenne;Moyenne;Mauvaise
2018-04-13;75120;52;40;30;Paris 20e;Mauvaise;Moyenne;Moyenne;Mauvaise
2018-04-14;75101;51;33;29;Paris 1er;Mauvaise;Moyenne;Moyenne;Moyenne
2018-04-14;75102;29;38;25;Paris 2e;Bonne;Moyenne;Moyenne;Moyenne
2018-04-14;75103;33;36;31;Paris 3e;Bonne;Moyenne;Moyenne;Moyenne
2018-04-14;75101;46;30;25;Paris 1er;Moyenne;Moyenne;Moyenne;Moyenne
2018-04-14;75102;48;30;27;Paris 2e;Moyenne;Moyenne;Moyenne;Moyenne
2018-04-14;75103;47;31;25;Paris 3e;Moyenne;Moyenne;Moyenne;Moyenne
2018-04-14;75104;47;31;25;Paris 4e;Moyenne;Moyenne;Moyenne;Moyenne
2018-04-14;75105;45;32;24;Paris 5e;Moyenne;Moyenne;Moyenne;Moyenne
2018-04-14;75106;44;32;24;Paris 6e;Moyenne;Moyenne;Moyenne;Moyenne
2018-04-14;75107;44;31;25;Paris 7e;Moyenne;Moyenne;Moyenne;Moyenne
2018-04-14;75108;47;30;29;Paris 8e;Moyenne;Moyenne;Moyenne;Moyenne
2018-04-14;75109;48;31;29;Paris 9e;Moyenne;Moyenne;Moyenne;Moyenne
2018-04-14;75110;49;31;29;Paris 10e;Moyenne;Moyenne;Moyenne;Moyenne
2018-04-14;75111;48;32;27;Paris 11e;Moyenne;Moyenne;Moyenne;Moyenne
2018-04-14;75112;45;33;25;Paris 12e;Moyenne;Moyenne;Moyenne;Moyenne
2018-04-14;75113;43;34;25;Paris 13e;Moyenne;Moyenne;Moyenne;Moyenne
2018-04-14;75114;41;33;24;Paris 14e;Moyenne;Moyenne;Moyenne;Moyenne
2018-04-14;75115;40;32;25;Paris 15e;Moyenne;Moyenne;Moyenne;Moyenne
2018-04-14;75116;43;32;29;Paris 16e;Moyenne;Moyenne;Moyenne;Moyenne
2018-04-14;75117;47;31;30;Paris 17e;Moyenne;Moyenne;Moyenne;Moyenne
2018-04-14;75118;51;32;30;Paris 18e;Mauvaise;Moyenne;Moyenne;Moyenne
2018-04-14;75119;51;32;30;Paris 19e;Mauvaise;Moyenne;Moyenne;Moyenne
2018-04-14;75120;48;33;27;Paris 20e;Moyenne;Moyenne;Moyenne;Moyenne
2018-04-15;75101;28;37;20;Paris 1er;Bonne;Moyenne;Moyenne;Bonne
2018-04-15;75102;27;41;20;Paris 2e;Bonne;Moyenne;Moyenne;Bonne
2018-04-15;75103;27;39;20;Paris 3e;Bonne;Moyenne;Moyenne;Bonne
2018-04-15;75101;21;35;19;Paris 1er;Bonne;Bonne;Moyenne;Bonne
2018-04-15;75102;21;36;19;Paris 2e;Bonne;Bonne;Moyenne;Bonne
2018-04-15;75103;22;36;20;Paris 3e;Bonne;Moyenne;Moyenne;Bonne
2018-04-15;75104;22;35;20;Paris 4e;Bonne;Moyenne;Moyenne;Bonne
2018-04-15;75105;21;35;19;Paris 5e;Bonne;Bonne;Moyenne;Bonne
2018-04-15;75106;21;35;19;Paris 6e;Bonne;Bonne;Moyenne;Bonne
2018-04-15;75107;21;35;19;Paris 7e;Bonne;Bonne;Moyenne;Bonne
2018-04-15;75108;22;36;19;Paris 8e;Bonne;Bonne;Moyenne;Bonne
2018-04-15;75109;20;36;19;Paris 9e;Bonne;Bonne;Moyenne;Bonne
2018-04-15;75110;21;37;19;Paris 10e;Bonne;Bonne;Moyenne;Bonne
2018-04-15;75111;23;37;20;Paris 11e;Bonne;Moyenne;Moyenne;Bonne
2018-04-15;75112;29;37;20;Paris 12e;Bonne;Moyenne;Moyenne;Bonne
2018-04-15;75113;22;36;20;Paris 13e;Bonne;Moyenne;Moyenne;Bonne
2018-04-15;75114;21;36;19;Paris 14e;Bonne;Bonne;Moyenne;Bonne
2018-04-15;75115;19;35;19;Paris 15e;Bonne;Bonne;Moyenne;Bonne
2018-04-15;75116;24;35;17;Paris 16e;Bonne;Bonne;Moyenne;Bonne
2018-04-15;75117;23;37;17;Paris 17e;Bonne;Bonne;Moyenne;Bonne
2018-04-15;75118;19;38;19;Paris 18e;Bonne;Bonne;Moyenne;Bonne
2018-04-15;75119;22;38;20;Paris 19e;Bonne;Moyenne;Moyenne;Bonne
2018-04-15;75120;24;37;20;Paris 20e;Bonne;Moyenne;Moyenne;Bonne
2018-04-16;75101;50;38;34;Paris 1er;Mauvaise;Moyenne;Moyenne;Mauvaise
2018-04-16;75102;50;43;38;Paris 2e;Mauvaise;Moyenne;Moyenne;Mauvaise
2018-04-16;75103;30;41;29;Paris 3e;Bonne;Moyenne;Moyenne;Moyenne
2018-04-16;75101;44;36;32;Paris 1er;Moyenne;Moyenne;Moyenne;Moyenne
2018-04-16;75102;45;37;32;Paris 2e;Moyenne;Moyenne;Moyenne;Moyenne
2018-04-16;75103;47;36;32;Paris 3e;Moyenne;Moyenne;Moyenne;Moyenne
2018-04-16;75104;48;37;32;Paris 4e;Moyenne;Moyenne;Moyenne;Moyenne
2018-04-16;75105;48;37;32;Paris 5e;Moyenne;Moyenne;Moyenne;Moyenne
2018-04-16;75106;45;37;32;Paris 6e;Moyenne;Moyenne;Moyenne;Moyenne
2018-04-16;75107;41;37;32;Paris 7e;Moyenne;Moyenne;Moyenne;Moyenne
2018-04-16;75108;41;37;30;Paris 8e;Moyenne;Moyenne;Moyenne;Moyenne
2018-04-16;75109;42;37;30;Paris 9e;Moyenne;Moyenne;Moyenne;Moyenne
2018-04-16;75110;45;37;32;Paris 10e;Moyenne;Moyenne;Moyenne;Moyenne
2018-04-16;75111;47;37;34;Paris 11e;Moyenne;Moyenne;Moyenne;Moyenne
2018-04-16;75112;48;37;37;Paris 12e;Moyenne;Moyenne;Moyenne;Mauvaise
2018-04-16;75113;50;38;35;Paris 13e;Mauvaise;Moyenne;Moyenne;Mauvaise
2018-04-16;75114;45;38;34;Paris 14e;Moyenne;Moyenne;Moyenne;Moyenne
2018-04-16;75115;36;38;32;Paris 15e;Bonne;Moyenne;Moyenne;Moyenne
2018-04-16;75116;38;38;32;Paris 16e;Bonne;Moyenne;Moyenne;Moyenne
2018-04-16;75117;42;38;30;Paris 17e;Moyenne;Moyenne;Moyenne;Moyenne
2018-04-16;75118;42;38;32;Paris 18e;Moyenne;Moyenne;Moyenne;Moyenne
2018-04-16;75119;45;38;34;Paris 19e;Moyenne;Moyenne;Moyenne;Moyenne
2018-04-16;75120;46;37;34;Paris 20e;Moyenne;Moyenne;Moyenne;Moyenne
2018-04-17;75101;56;44;48;Paris 1er;Mauvaise;Mauvaise;Moyenne;Mauvaise
2018-04-17;75102;44;49;43;Paris 2e;Moyenne;Mauvaise;Mauvaise;Mauvaise
2018-04-17;75103;45;46;39;Paris 3e;Moyenne;Moyenne;Mauvaise;Mauvaise
2018-04-17;75101;56;41;45;Paris 1er;Mauvaise;Mauvaise;Moyenne;Mauvaise
2018-04-17;75102;56;41;47;Paris 2e;Mauvaise;Mauvaise;Moyenne;Mauvaise
2018-04-17;75103;55;41;47;Paris 3e;Mauvaise;Mauvaise;Moyenne;Mauvaise
2018-04-17;75104;56;41;47;Paris 4e;Mauvaise;Mauvaise;Moyenne;Mauvaise
2018-04-17;75105;56;41;47;Paris 5e;Mauvaise;Mauvaise;Moyenne;Mauvaise
2018-04-17;75106;56;41;45;Paris 6e;Mauvaise;Mauvaise;Moyenne;Mauvaise
2018-04-17;75107;56;42;44;Paris 7e;Mauvaise;Mauvaise;Moyenne;Mauvaise
2018-04-17;75108;56;43;44;Paris 8e;Mauvaise;Mauvaise;Moyenne;Mauvaise
2018-04-17;75109;55;43;45;Paris 9e;Mauvaise;Mauvaise;Moyenne;Mauvaise
2018-04-17;75110;55;43;47;Paris 10e;Mauvaise;Mauvaise;Moyenne;Mauvaise
2018-04-17;75111;55;42;47;Paris 11e;Mauvaise;Mauvaise;Moyenne;Mauvaise
2018-04-17;75112;54;44;47;Paris 12e;Mauvaise;Mauvaise;Moyenne;Mauvaise
2018-04-17;75113;56;43;45;Paris 13e;Mauvaise;Mauvaise;Moyenne;Mauvaise
2018-04-17;75114;55;43;44;Paris 14e;Mauvaise;Mauvaise;Moyenne;Mauvaise
2018-04-17;75115;54;43;42;Paris 15e;Mauvaise;Mauvaise;Moyenne;Mauvaise
2018-04-17;75116;55;43;40;Paris 16e;Mauvaise;Mauvaise;Moyenne;Mauvaise
2018-04-17;75117;55;44;45;Paris 17e;Mauvaise;Mauvaise;Moyenne;Mauvaise
2018-04-17;75118;55;45;47;Paris 18e;Mauvaise;Mauvaise;Mauvaise;Mauvaise
2018-04-17;75119;55;45;49;Paris 19e;Mauvaise;Mauvaise;Mauvaise;Mauvaise
2018-04-17;75120;54;43;47;Paris 20e;Mauvaise;Mauvaise;Moyenne;Mauvaise
2018-04-18;75101;53;53;54;Paris 1er;Mauvaise;Mauvaise;Mauvaise;Mauvaise
2018-04-18;75102;37;60;41;Paris 2e;Bonne;Mauvaise;Mauvaise;Mauvaise
2018-04-18;75103;47;56;53;Paris 3e;Moyenne;Mauvaise;Mauvaise;Mauvaise
2018-04-18;75101;52;51;50;Paris 1er;Mauvaise;Mauvaise;Mauvaise;Mauvaise
2018-04-18;75102;52;51;50;Paris 2e;Mauvaise;Mauvaise;Mauvaise;Mauvaise
2018-04-18;75103;51;53;49;Paris 3e;Mauvaise;Mauvaise;Mauvaise;Mauvaise
2018-04-18;75104;52;53;49;Paris 4e;Mauvaise;Mauvaise;Mauvaise;Mauvaise
2018-04-18;75105;51;52;49;Paris 5e;Mauvaise;Mauvaise;Mauvaise;Mauvaise
2018-04-18;75106;51;51;49;Paris 6e;Mauvaise;Mauvaise;Mauvaise;Mauvaise
2018-04-18;75107;52;50;53;Paris 7e;Mauvaise;Mauvaise;Mauvaise;Mauvaise
2018-04-18;75108;53;49;53;Paris 8e;Mauvaise;Mauvaise;Mauvaise;Mauvaise
2018-04-18;75109;52;50;52;Paris 9e;Mauvaise;Mauvaise;Mauvaise;Mauvaise
2018-04-18;75110;52;52;52;Paris 10e;Mauvaise;Mauvaise;Mauvaise;Mauvaise
2018-04-18;75111;51;53;50;Paris 11e;Mauvaise;Mauvaise;Mauvaise;Mauvaise
2018-04-18;75112;49;54;49;Paris 12e;Moyenne;Mauvaise;Mauvaise;Mauvaise
2018-04-18;75113;48;53;49;Paris 13e;Moyenne;Mauvaise;Mauvaise;Mauvaise
2018-04-18;75114;51;52;52;Paris 14e;Mauvaise;Mauvaise;Mauvaise;Mauvaise
2018-04-18;75115;53;50;54;Paris 15e;Mauvaise;Mauvaise;Mauvaise;Mauvaise
2018-04-18;75116;53;48;55;Paris 16e;Mauvaise;Mauvaise;Mauvaise;Mauvaise
2018-04-18;75117;53;49;54;Paris 17e;Mauvaise;Mauvaise;Mauvaise;Mauvaise
2018-04-18;75118;52;52;53;Paris 18e;Mauvaise;Mauvaise;Mauvaise;Mauvaise
2018-04-18;75119;50;53;52;Paris 19e;Mauvaise;Mauvaise;Mauvaise;Mauvaise
2018-04-18;75120;49;53;50;Paris 20e;Moyenne;Mauvaise;Mauvaise;Mauvaise
2018-04-19;75101;62;51;54;Paris 1er;Mauvaise;Mauvaise;Mauvaise;Mauvaise
2018-04-19;75102;39;57;48;Paris 2e;Bonne;Mauvaise;Mauvaise;Mauvaise
2018-04-19;75103;52;54;52;Paris 3e;Mauvaise;Mauvaise;Mauvaise;Mauvaise
2018-04-19;75101;55;47;54;Paris 1er;Mauvaise;Mauvaise;Mauvaise;Mauvaise
2018-04-19;75102;55;48;54;Paris 2e;Mauvaise;Mauvaise;Mauvaise;Mauvaise
2018-04-19;75103;53;48;55;Paris 3e;Mauvaise;Mauvaise;Mauvaise;Mauvaise
2018-04-19;75104;54;48;55;Paris 4e;Mauvaise;Mauvaise;Mauvaise;Mauvaise
2018-04-19;75105;53;47;55;Paris 5e;Mauvaise;Mauvaise;Mauvaise;Mauvaise
2018-04-19;75106;54;47;55;Paris 6e;Mauvaise;Mauvaise;Mauvaise;Mauvaise
2018-04-19;75107;62;47;54;Paris 7e;Mauvaise;Mauvaise;Mauvaise;Mauvaise
2018-04-19;75108;59;48;53;Paris 8e;Mauvaise;Mauvaise;Mauvaise;Mauvaise
2018-04-19;75109;54;49;52;Paris 9e;Mauvaise;Mauvaise;Mauvaise;Mauvaise
2018-04-19;75110;53;49;54;Paris 10e;Mauvaise;Mauvaise;Mauvaise;Mauvaise
2018-04-19;75111;53;49;54;Paris 11e;Mauvaise;Mauvaise;Mauvaise;Mauvaise
2018-04-19;75112;51;50;54;Paris 12e;Mauvaise;Mauvaise;Mauvaise;Mauvaise
2018-04-19;75113;50;49;55;Paris 13e;Mauvaise;Mauvaise;Mauvaise;Mauvaise
2018-04-19;75114;55;48;54;Paris 14e;Mauvaise;Mauvaise;Mauvaise;Mauvaise
2018-04-19;75115;60;48;54;Paris 15e;Mauvaise;Mauvaise;Mauvaise;Mauvaise
2018-04-19;75116;61;48;52;Paris 16e;Mauvaise;Mauvaise;Mauvaise;Mauvaise
2018-04-19;75117;59;50;52;Paris 17e;Mauvaise;Mauvaise;Mauvaise;Mauvaise
2018-04-19;75118;54;51;52;Paris 18e;Mauvaise;Mauvaise;Mauvaise;Mauvaise
2018-04-19;75119;56;51;54;Paris 19e;Mauvaise;Mauvaise;Mauvaise;Mauvaise
2018-04-19;75120;52;50;54;Paris 20e;Mauvaise;Mauvaise;Mauvaise;Mauvaise
2018-04-20;75101;63;57;66;Paris 1er;Mauvaise;Mauvaise;Mauvaise;Mauvaise
2018-04-20;75102;44;58;51;Paris 2e;Moyenne;Mauvaise;Mauvaise;Mauvaise
2018-04-20;75103;51;54;67;Paris 3e;Mauvaise;Mauvaise;Mauvaise;Mauvaise
2018-04-20;75101;60;56;63;Paris 1er;Mauvaise;Mauvaise;Mauvaise;Mauvaise
2018-04-20;75102;61;56;63;Paris 2e;Mauvaise;Mauvaise;Mauvaise;Mauvaise
2018-04-20;75103;60;57;63;Paris 3e;Mauvaise;Mauvaise;Mauvaise;Mauvaise
2018-04-20;75104;60;57;63;Paris 4e;Mauvaise;Mauvaise;Mauvaise;Mauvaise
2018-04-20;75105;59;57;63;Paris 5e;Mauvaise;Mauvaise;Mauvaise;Mauvaise
2018-04-20;75106;59;56;62;Paris 6e;Mauvaise;Mauvaise;Mauvaise;Mauvaise
2018-04-20;75107;60;56;62;Paris 7e;Mauvaise;Mauvaise;Mauvaise;Mauvaise
2018-04-20;75108;61;56;64;Paris 8e;Mauvaise;Mauvaise;Mauvaise;Mauvaise
2018-04-20;75109;62;55;62;Paris 9e;Mauvaise;Mauvaise;Mauvaise;Mauvaise
2018-04-20;75110;62;56;62;Paris 10e;Mauvaise;Mauvaise;Mauvaise;Mauvaise
2018-04-20;75111;60;56;62;Paris 11e;Mauvaise;Mauvaise;Mauvaise;Mauvaise
2018-04-20;75112;58;56;62;Paris 12e;Mauvaise;Mauvaise;Mauvaise;Mauvaise
2018-04-20;75113;58;56;62;Paris 13e;Mauvaise;Mauvaise;Mauvaise;Mauvaise
2018-04-20;75114;58;56;60;Paris 14e;Mauvaise;Mauvaise;Mauvaise;Mauvaise
2018-04-20;75115;58;55;60;Paris 15e;Mauvaise;Mauvaise;Mauvaise;Mauvaise
2018-04-20;75116;59;55;67;Paris 16e;Mauvaise;Mauvaise;Mauvaise;Mauvaise
2018-04-20;75117;61;55;65;Paris 17e;Mauvaise;Mauvaise;Mauvaise;Mauvaise
2018-04-20;75118;63;55;62;Paris 18e;Mauvaise;Mauvaise;Mauvaise;Mauvaise
2018-04-20;75119;63;56;60;Paris 19e;Mauvaise;Mauvaise;Mauvaise;Mauvaise
2018-04-20;75120;60;56;60;Paris 20e;Mauvaise;Mauvaise;Mauvaise;Mauvaise
2018-04-21;75101;39;55;50;Paris 1er;Bonne;Mauvaise;Mauvaise;Mauvaise
2018-04-21;75102;37;59;44;Paris 2e;Bonne;Mauvaise;Mauvaise;Mauvaise
2018-04-21;75103;33;57;44;Paris 3e;Bonne;Mauvaise;Mauvaise;Mauvaise
2018-04-21;75101;30;54;47;Paris 1er;Bonne;Mauvaise;Mauvaise;Mauvaise
2018-04-21;75102;31;54;47;Paris 2e;Bonne;Mauvaise;Mauvaise;Mauvaise
2018-04-21;75103;30;54;47;Paris 3e;Bonne;Mauvaise;Mauvaise;Mauvaise
2018-04-21;75104;31;55;47;Paris 4e;Bonne;Mauvaise;Mauvaise;Mauvaise
2018-04-21;75105;32;55;45;Paris 5e;Bonne;Mauvaise;Mauvaise;Mauvaise
2018-04-21;75106;31;55;45;Paris 6e;Bonne;Mauvaise;Mauvaise;Mauvaise
2018-04-21;75107;31;54;47;Paris 7e;Bonne;Mauvaise;Mauvaise;Mauvaise
2018-04-21;75108;34;54;47;Paris 8e;Bonne;Mauvaise;Mauvaise;Mauvaise
2018-04-21;75109;33;54;47;Paris 9e;Bonne;Mauvaise;Mauvaise;Mauvaise
2018-04-21;75110;33;54;49;Paris 10e;Bonne;Mauvaise;Mauvaise;Mauvaise
2018-04-21;75111;32;55;49;Paris 11e;Bonne;Mauvaise;Mauvaise;Mauvaise
2018-04-21;75112;36;55;47;Paris 12e;Bonne;Mauvaise;Mauvaise;Mauvaise
2018-04-21;75113;34;55;45;Paris 13e;Bonne;Mauvaise;Mauvaise;Mauvaise
2018-04-21;75114;32;55;45;Paris 14e;Bonne;Mauvaise;Mauvaise;Mauvaise
2018-04-21;75115;33;55;45;Paris 15e;Bonne;Mauvaise;Mauvaise;Mauvaise
2018-04-21;75116;33;54;47;Paris 16e;Bonne;Mauvaise;Mauvaise;Mauvaise
2018-04-21;75117;39;54;49;Paris 17e;Bonne;Mauvaise;Mauvaise;Mauvaise
2018-04-21;75118;39;54;50;Paris 18e;Bonne;Mauvaise;Mauvaise;Mauvaise
2018-04-21;75119;35;54;50;Paris 19e;Bonne;Mauvaise;Mauvaise;Mauvaise
2018-04-21;75120;34;55;49;Paris 20e;Bonne;Mauvaise;Mauvaise;Mauvaise
2018-04-22;75101;47;45;51;Paris 1er;Moyenne;Mauvaise;Mauvaise;Mauvaise
2018-04-22;75102;28;52;50;Paris 2e;Bonne;Mauvaise;Mauvaise;Mauvaise
2018-04-22;75103;29;45;50;Paris 3e;Bonne;Mauvaise;Mauvaise;Mauvaise
2018-04-22;75101;32;42;52;Paris 1er;Bonne;Mauvaise;Moyenne;Mauvaise
2018-04-22;75102;36;43;52;Paris 2e;Bonne;Mauvaise;Moyenne;Mauvaise
2018-04-22;75103;34;42;52;Paris 3e;Bonne;Mauvaise;Moyenne;Mauvaise
2018-04-22;75104;32;42;52;Paris 4e;Bonne;Mauvaise;Moyenne;Mauvaise
2018-04-22;75105;31;43;52;Paris 5e;Bonne;Mauvaise;Moyenne;Mauvaise
2018-04-22;75106;30;43;52;Paris 6e;Bonne;Mauvaise;Moyenne;Mauvaise
2018-04-22;75107;31;43;52;Paris 7e;Bonne;Mauvaise;Moyenne;Mauvaise
2018-04-22;75108;40;44;52;Paris 8e;Moyenne;Mauvaise;Moyenne;Mauvaise
2018-04-22;75109;41;44;52;Paris 9e;Moyenne;Mauvaise;Moyenne;Mauvaise
2018-04-22;75110;41;44;52;Paris 10e;Moyenne;Mauvaise;Moyenne;Mauvaise
2018-04-22;75111;38;43;52;Paris 11e;Bonne;Mauvaise;Moyenne;Mauvaise
2018-04-22;75112;36;43;52;Paris 12e;Bonne;Mauvaise;Moyenne;Mauvaise
2018-04-22;75113;33;44;52;Paris 13e;Bonne;Mauvaise;Moyenne;Mauvaise
2018-04-22;75114;30;43;52;Paris 14e;Bonne;Mauvaise;Moyenne;Mauvaise
2018-04-22;75115;27;44;52;Paris 15e;Bonne;Mauvaise;Moyenne;Mauvaise
2018-04-22;75116;39;44;52;Paris 16e;Bonne;Mauvaise;Moyenne;Mauvaise
2018-04-22;75117;45;45;52;Paris 17e;Moyenne;Mauvaise;Mauvaise;Mauvaise
2018-04-22;75118;47;45;52;Paris 18e;Moyenne;Mauvaise;Mauvaise;Mauvaise
2018-04-22;75119;42;45;52;Paris 19e;Moyenne;Mauvaise;Mauvaise;Mauvaise
2018-04-22;75120;39;44;52;Paris 20e;Bonne;Mauvaise;Moyenne;Mauvaise
2018-04-23;75101;24;37;36;Paris 1er;Bonne;Moyenne;Moyenne;Moyenne
2018-04-23;75102;24;40;31;Paris 2e;Bonne;Moyenne;Moyenne;Moyenne
2018-04-23;75103;17;39;32;Paris 3e;Bonne;Moyenne;Moyenne;Bonne
2018-04-23;75101;19;36;35;Paris 1er;Bonne;Moyenne;Moyenne;Moyenne
2018-04-23;75102;19;36;35;Paris 2e;Bonne;Moyenne;Moyenne;Moyenne
2018-04-23;75103;19;36;35;Paris 3e;Bonne;Moyenne;Moyenne;Moyenne
2018-04-23;75104;19;36;35;Paris 4e;Bonne;Moyenne;Moyenne;Moyenne
2018-04-23;75105;19;36;35;Paris 5e;Bonne;Moyenne;Moyenne;Moyenne
2018-04-23;75106;19;37;35;Paris 6e;Bonne;Moyenne;Moyenne;Moyenne
2018-04-23;75107;21;36;35;Paris 7e;Bonne;Moyenne;Moyenne;Moyenne
2018-04-23;75108;19;36;35;Paris 8e;Bonne;Moyenne;Moyenne;Moyenne
2018-04-23;75109;20;37;35;Paris 9e;Bonne;Moyenne;Moyenne;Moyenne
2018-04-23;75110;21;37;35;Paris 10e;Bonne;Moyenne;Moyenne;Moyenne
2018-04-23;75111;21;37;35;Paris 11e;Bonne;Moyenne;Moyenne;Moyenne
2018-04-23;75112;21;37;35;Paris 12e;Bonne;Moyenne;Moyenne;Moyenne
2018-04-23;75113;21;37;35;Paris 13e;Bonne;Moyenne;Moyenne;Moyenne
2018-04-23;75114;20;37;35;Paris 14e;Bonne;Moyenne;Moyenne;Moyenne
2018-04-23;75115;21;37;35;Paris 15e;Bonne;Moyenne;Moyenne;Moyenne
2018-04-23;75116;20;38;37;Paris 16e;Bonne;Moyenne;Moyenne;Moyenne
2018-04-23;75117;19;37;35;Paris 17e;Bonne;Moyenne;Moyenne;Moyenne
2018-04-23;75118;23;37;34;Paris 18e;Bonne;Moyenne;Moyenne;Moyenne
2018-04-23;75119;25;38;34;Paris 19e;Bonne;Moyenne;Moyenne;Moyenne
2018-04-23;75120;21;37;34;Paris 20e;Bonne;Moyenne;Moyenne;Moyenne
2018-04-24;75101;33;42;31;Paris 1er;Bonne;Moyenne;Moyenne;Moyenne
2018-04-24;75102;35;46;34;Paris 2e;Bonne;Moyenne;Mauvaise;Moyenne
2018-04-24;75103;29;43;29;Paris 3e;Bonne;Moyenne;Moyenne;Moyenne
2018-04-24;75101;25;40;30;Paris 1er;Bonne;Moyenne;Moyenne;Moyenne
2018-04-24;75102;24;40;32;Paris 2e;Bonne;Moyenne;Moyenne;Moyenne
2018-04-24;75103;25;40;32;Paris 3e;Bonne;Moyenne;Moyenne;Moyenne
2018-04-24;75104;26;40;32;Paris 4e;Bonne;Moyenne;Moyenne;Moyenne
2018-04-24;75105;27;40;32;Paris 5e;Bonne;Moyenne;Moyenne;Moyenne
2018-04-24;75106;27;40;30;Paris 6e;Bonne;Moyenne;Moyenne;Moyenne
2018-04-24;75107;29;40;30;Paris 7e;Bonne;Moyenne;Moyenne;Moyenne
2018-04-24;75108;28;41;30;Paris 8e;Bonne;Moyenne;Moyenne;Moyenne
2018-04-24;75109;23;41;30;Paris 9e;Bonne;Moyenne;Moyenne;Moyenne
2018-04-24;75110;24;41;32;Paris 10e;Bonne;Moyenne;Moyenne;Moyenne
2018-04-24;75111;29;41;32;Paris 11e;Bonne;Moyenne;Moyenne;Moyenne
2018-04-24;75112;33;41;32;Paris 12e;Bonne;Moyenne;Moyenne;Moyenne
2018-04-24;75113;31;41;32;Paris 13e;Bonne;Moyenne;Moyenne;Moyenne
2018-04-24;75114;28;41;32;Paris 14e;Bonne;Moyenne;Moyenne;Moyenne
2018-04-24;75115;28;40;30;Paris 15e;Bonne;Moyenne;Moyenne;Moyenne
2018-04-24;75116;32;40;32;Paris 16e;Bonne;Moyenne;Moyenne;Moyenne
2018-04-24;75117;30;42;30;Paris 17e;Bonne;Moyenne;Moyenne;Moyenne
2018-04-24;75118;24;43;32;Paris 18e;Bonne;Moyenne;Moyenne;Moyenne
2018-04-24;75119;29;42;32;Paris 19e;Bonne;Moyenne;Moyenne;Moyenne
2018-04-24;75120;30;41;32;Paris 20e;Bonne;Moyenne;Moyenne;Moyenne
2018-04-25;75101;19;35;27;Paris 1er;Bonne;Moyenne;Moyenne;Bonne
2018-04-25;75102;24;38;27;Paris 2e;Bonne;Moyenne;Moyenne;Bonne
2018-04-25;75103;11;38;27;Paris 3e;Bonne;Moyenne;Moyenne;Bonne
2018-04-25;75101;19;34;27;Paris 1er;Bonne;Moyenne;Moyenne;Bonne
2018-04-25;75102;18;34;27;Paris 2e;Bonne;Moyenne;Moyenne;Bonne
2018-04-25;75103;19;34;27;Paris 3e;Bonne;Moyenne;Moyenne;Bonne
2018-04-25;75104;19;34;27;Paris 4e;Bonne;Moyenne;Moyenne;Bonne
2018-04-25;75105;19;34;29;Paris 5e;Bonne;Moyenne;Moyenne;Bonne
2018-04-25;75106;19;34;29;Paris 6e;Bonne;Moyenne;Moyenne;Bonne
2018-04-25;75107;21;35;27;Paris 7e;Bonne;Moyenne;Moyenne;Bonne
2018-04-25;75108;19;35;27;Paris 8e;Bonne;Moyenne;Moyenne;Bonne
2018-04-25;75109;17;35;25;Paris 9e;Bonne;Moyenne;Moyenne;Bonne
2018-04-25;75110;19;35;27;Paris 10e;Bonne;Moyenne;Moyenne;Bonne
2018-04-25;75111;19;35;27;Paris 11e;Bonne;Moyenne;Moyenne;Bonne
2018-04-25;75112;19;35;27;Paris 12e;Bonne;Moyenne;Moyenne;Bonne
2018-04-25;75113;18;35;29;Paris 13e;Bonne;Moyenne;Moyenne;Bonne
2018-04-25;75114;18;35;29;Paris 14e;Bonne;Moyenne;Moyenne;Bonne
2018-04-25;75115;20;35;29;Paris 15e;Bonne;Moyenne;Moyenne;Bonne
2018-04-25;75116;19;35;29;Paris 16e;Bonne;Moyenne;Moyenne;Bonne
2018-04-25;75117;17;35;27;Paris 17e;Bonne;Moyenne;Moyenne;Bonne
2018-04-25;75118;17;35;24;Paris 18e;Bonne;Moyenne;Moyenne;Bonne
2018-04-25;75119;19;35;25;Paris 19e;Bonne;Moyenne;Moyenne;Bonne
2018-04-25;75120;19;35;25;Paris 20e;Bonne;Moyenne;Moyenne;Bonne
2018-04-26;75101;41;38;26;Paris 1er;Moyenne;Moyenne;Moyenne;Moyenne
2018-04-26;75102;44;41;26;Paris 2e;Moyenne;Moyenne;Moyenne;Moyenne
2018-04-26;75103;25;43;25;Paris 3e;Bonne;Moyenne;Moyenne;Moyenne
2018-04-26;75101;28;37;27;Paris 1er;Bonne;Moyenne;Moyenne;Moyenne
2018-04-26;75102;28;37;27;Paris 2e;Bonne;Moyenne;Moyenne;Moyenne
2018-04-26;75103;33;37;27;Paris 3e;Bonne;Moyenne;Moyenne;Moyenne
2018-04-26;75104;35;37;27;Paris 4e;Bonne;Moyenne;Moyenne;Moyenne
2018-04-26;75105;35;36;27;Paris 5e;Bonne;Moyenne;Moyenne;Moyenne
2018-04-26;75106;32;36;27;Paris 6e;Bonne;Moyenne;Moyenne;Moyenne
2018-04-26;75107;28;37;27;Paris 7e;Bonne;Moyenne;Moyenne;Moyenne
2018-04-26;75108;30;38;27;Paris 8e;Bonne;Moyenne;Moyenne;Moyenne
2018-04-26;75109;25;38;25;Paris 9e;Bonne;Moyenne;Moyenne;Bonne
2018-04-26;75110;30;38;27;Paris 10e;Bonne;Moyenne;Moyenne;Moyenne
2018-04-26;75111;39;37;27;Paris 11e;Bonne;Moyenne;Moyenne;Moyenne
2018-04-26;75112;42;37;27;Paris 12e;Moyenne;Moyenne;Moyenne;Moyenne
2018-04-26;75113;42;36;27;Paris 13e;Moyenne;Moyenne;Moyenne;Moyenne
2018-04-26;75114;34;37;27;Paris 14e;Bonne;Moyenne;Moyenne;Moyenne
2018-04-26;75115;27;37;27;Paris 15e;Bonne;Moyenne;Moyenne;Moyenne
2018-04-26;75116;38;38;27;Paris 16e;Bonne;Moyenne;Moyenne;Moyenne
2018-04-26;75117;35;38;27;Paris 17e;Bonne;Moyenne;Moyenne;Moyenne
2018-04-26;75118;27;38;25;Paris 18e;Bonne;Moyenne;Moyenne;Moyenne
2018-04-26;75119;36;38;25;Paris 19e;Bonne;Moyenne;Moyenne;Moyenne
2018-04-26;75120;39;37;27;Paris 20e;Bonne;Moyenne;Moyenne;Moyenne
2018-04-27;75101;42;39;41;Paris 1er;Moyenne;Mauvaise;Moyenne;Mauvaise
2018-04-27;75102;23;43;31;Paris 2e;Bonne;Moyenne;Moyenne;Moyenne
2018-04-27;75103;40;43;36;Paris 3e;Moyenne;Moyenne;Moyenne;Moyenne
2018-04-27;75101;37;38;42;Paris 1er;Bonne;Mauvaise;Moyenne;Moyenne
2018-04-27;75102;38;38;40;Paris 2e;Bonne;Mauvaise;Moyenne;Moyenne
2018-04-27;75103;38;38;42;Paris 3e;Bonne;Mauvaise;Moyenne;Moyenne
2018-04-27;75104;37;38;42;Paris 4e;Bonne;Mauvaise;Moyenne;Moyenne
2018-04-27;75105;37;38;42;Paris 5e;Bonne;Mauvaise;Moyenne;Moyenne
2018-04-27;75106;36;38;42;Paris 6e;Bonne;Mauvaise;Moyenne;Moyenne
2018-04-27;75107;36;38;42;Paris 7e;Bonne;Mauvaise;Moyenne;Moyenne
2018-04-27;75108;39;38;39;Paris 8e;Bonne;Moyenne;Moyenne;Moyenne
2018-04-27;75109;39;38;37;Paris 9e;Bonne;Moyenne;Moyenne;Moyenne
2018-04-27;75110;40;38;39;Paris 10e;Moyenne;Moyenne;Moyenne;Moyenne
2018-04-27;75111;39;38;40;Paris 11e;Bonne;Mauvaise;Moyenne;Moyenne
2018-04-27;75112;38;39;40;Paris 12e;Bonne;Mauvaise;Moyenne;Moyenne
2018-04-27;75113;38;39;42;Paris 13e;Bonne;Mauvaise;Moyenne;Moyenne
2018-04-27;75114;36;39;42;Paris 14e;Bonne;Mauvaise;Moyenne;Moyenne
2018-04-27;75115;34;39;40;Paris 15e;Bonne;Mauvaise;Moyenne;Moyenne
2018-04-27;75116;37;39;39;Paris 16e;Bonne;Moyenne;Moyenne;Moyenne
2018-04-27;75117;41;39;37;Paris 17e;Moyenne;Moyenne;Moyenne;Moyenne
2018-04-27;75118;42;40;35;Paris 18e;Moyenne;Moyenne;Moyenne;Moyenne
2018-04-27;75119;41;39;37;Paris 19e;Moyenne;Moyenne;Moyenne;Moyenne
2018-04-27;75120;38;39;39;Paris 20e;Bonne;Moyenne;Moyenne;Moyenne
2018-04-28;75101;28;36;20;Paris 1er;Bonne;Moyenne;Moyenne;Bonne
2018-04-28;75102;21;38;18;Paris 2e;Bonne;Bonne;Moyenne;Bonne
2018-04-28;75103;29;39;18;Paris 3e;Bonne;Bonne;Moyenne;Bonne
2018-04-28;75101;23;35;19;Paris 1er;Bonne;Bonne;Moyenne;Bonne
2018-04-28;75102;23;35;19;Paris 2e;Bonne;Bonne;Moyenne;Bonne
2018-04-28;75103;23;35;20;Paris 3e;Bonne;Moyenne;Moyenne;Bonne
2018-04-28;75104;24;35;20;Paris 4e;Bonne;Moyenne;Moyenne;Bonne
2018-04-28;75105;22;35;20;Paris 5e;Bonne;Moyenne;Moyenne;Bonne
2018-04-28;75106;22;35;20;Paris 6e;Bonne;Moyenne;Moyenne;Bonne
2018-04-28;75107;22;35;19;Paris 7e;Bonne;Bonne;Moyenne;Bonne
2018-04-28;75108;24;36;19;Paris 8e;Bonne;Bonne;Moyenne;Bonne
2018-04-28;75109;22;36;19;Paris 9e;Bonne;Bonne;Moyenne;Bonne
2018-04-28;75110;23;36;19;Paris 10e;Bonne;Bonne;Moyenne;Bonne
2018-04-28;75111;23;35;20;Paris 11e;Bonne;Moyenne;Moyenne;Bonne
2018-04-28;75112;22;35;22;Paris 12e;Bonne;Moyenne;Moyenne;Bonne
2018-04-28;75113;21;35;22;Paris 13e;Bonne;Moyenne;Moyenne;Bonne
2018-04-28;75114;20;36;20;Paris 14e;Bonne;Moyenne;Moyenne;Bonne
2018-04-28;75115;19;36;19;Paris 15e;Bonne;Bonne;Moyenne;Bonne
2018-04-28;75116;28;36;19;Paris 16e;Bonne;Bonne;Moyenne;Bonne
2018-04-28;75117;27;37;19;Paris 17e;Bonne;Bonne;Moyenne;Bonne
2018-04-28;75118;22;37;19;Paris 18e;Bonne;Bonne;Moyenne;Bonne
2018-04-28;75119;24;36;20;Paris 19e;Bonne;Moyenne;Moyenne;Bonne
2018-04-28;75120;22;35;20;Paris 20e;Bonne;Moyenne;Moyenne;Bonne
2018-04-29;75101;23;26;21;Paris 1er;Bonne;Moyenne;Bonne;Bonne
2018-04-29;75102;16;28;20;Paris 2e;Bonne;Moyenne;Bonne;Bonne
2018-04-29;75103;21;26;23;Paris 3e;Bonne;Moyenne;Bonne;Bonne
2018-04-29;75101;22;27;20;Paris 1er;Bonne;Moyenne;Bonne;Bonne
2018-04-29;75102;22;27;20;Paris 2e;Bonne;Moyenne;Bonne;Bonne
2018-04-29;75103;21;27;20;Paris 3e;Bonne;Moyenne;Bonne;Bonne
2018-04-29;75104;22;27;20;Paris 4e;Bonne;Moyenne;Bonne;Bonne
2018-04-29;75105;21;27;19;Paris 5e;Bonne;Bonne;Bonne;Bonne
2018-04-29;75106;22;27;19;Paris 6e;Bonne;Bonne;Bonne;Bonne
2018-04-29;75107;23;26;19;Paris 7e;Bonne;Bonne;Bonne;Bonne
2018-04-29;75108;23;26;20;Paris 8e;Bonne;Moyenne;Bonne;Bonne
2018-04-29;75109;22;26;22;Paris 9e;Bonne;Moyenne;Bonne;Bonne
2018-04-29;75110;22;27;22;Paris 10e;Bonne;Moyenne;Bonne;Bonne
2018-04-29;75111;20;26;20;Paris 11e;Bonne;Moyenne;Bonne;Bonne
2018-04-29;75112;20;26;19;Paris 12e;Bonne;Bonne;Bonne;Bonne
2018-04-29;75113;20;27;19;Paris 13e;Bonne;Bonne;Bonne;Bonne
2018-04-29;75114;21;26;19;Paris 14e;Bonne;Bonne;Bonne;Bonne
2018-04-29;75115;22;26;19;Paris 15e;Bonne;Bonne;Bonne;Bonne
2018-04-29;75116;22;25;20;Paris 16e;Bonne;Moyenne;Bonne;Bonne
2018-04-29;75117;23;26;22;Paris 17e;Bonne;Moyenne;Bonne;Bonne
2018-04-29;75118;23;26;22;Paris 18e;Bonne;Moyenne;Bonne;Bonne
2018-04-29;75119;20;26;22;Paris 19e;Bonne;Moyenne;Bonne;Bonne
2018-04-29;75120;20;26;20;Paris 20e;Bonne;Moyenne;Bonne;Bonne
2018-04-30;75101;16;27;8;Paris 1er;Bonne;Bonne;Bonne;Bonne
2018-04-30;75102;16;31;11;Paris 2e;Bonne;Bonne;Moyenne;Bonne
2018-04-30;75103;11;33;8;Paris 3e;Bonne;Bonne;Moyenne;Bonne
2018-04-30;75101;16;25;7;Paris 1er;Bonne;Bonne;Bonne;Bonne
2018-04-30;75102;17;26;9;Paris 2e;Bonne;Bonne;Bonne;Bonne
2018-04-30;75103;17;25;9;Paris 3e;Bonne;Bonne;Bonne;Bonne
2018-04-30;75104;17;25;9;Paris 4e;Bonne;Bonne;Bonne;Bonne
2018-04-30;75105;16;26;9;Paris 5e;Bonne;Bonne;Bonne;Bonne
2018-04-30;75106;16;26;7;Paris 6e;Bonne;Bonne;Bonne;Bonne
2018-04-30;75107;16;26;7;Paris 7e;Bonne;Bonne;Bonne;Bonne
2018-04-30;75108;16;26;9;Paris 8e;Bonne;Bonne;Bonne;Bonne
2018-04-30;75109;16;26;7;Paris 9e;Bonne;Bonne;Bonne;Bonne
2018-04-30;75110;17;26;9;Paris 10e;Bonne;Bonne;Bonne;Bonne
2018-04-30;75111;17;26;9;Paris 11e;Bonne;Bonne;Bonne;Bonne
2018-04-30;75112;16;27;9;Paris 12e;Bonne;Bonne;Bonne;Bonne
2018-04-30;75113;15;27;9;Paris 13e;Bonne;Bonne;Bonne;Bonne
2018-04-30;75114;14;27;7;Paris 14e;Bonne;Bonne;Bonne;Bonne
2018-04-30;75115;14;28;7;Paris 15e;Bonne;Bonne;Bonne;Bonne
2018-04-30;75116;16;28;9;Paris 16e;Bonne;Bonne;Bonne;Bonne
2018-04-30;75117;16;27;9;Paris 17e;Bonne;Bonne;Bonne;Bonne
2018-04-30;75118;16;28;9;Paris 18e;Bonne;Bonne;Bonne;Bonne
2018-04-30;75119;17;27;9;Paris 19e;Bonne;Bonne;Bonne;Bonne
2018-04-30;75120;17;26;9;Paris 20e;Bonne;Bonne;Bonne;Bonne
