date,arrondissement_nom,ninsee,no2,o3,pm10,qualite_air,categorie_no2,categorie_pm10,categorie_o3
01/04/2018,Paris 1er,75101,30,33,22,Moyenne,Bonne,Moyenne,Bonne
01/04/2018,Paris 2e,75102,32,33,22,Moyenne,Bonne,Moyenne,Bonne
01/04/2018,Paris 3e,75103,32,33,22,Moyenne,Bonne,Moyenne,Bonne
01/04/2018,Paris 4e,75104,31,33,22,Moyenne,Bonne,Moyenne,Bonne
01/04/2018,Paris 5e,75105,30,33,22,Moyenne,Bonne,Moyenne,Bonne
01/04/2018,Paris 6e,75106,30,33,22,Moyenne,Bonne,Moyenne,Bonne
01/04/2018,Paris 7e,75107,30,33,22,Moyenne,Bonne,Moyenne,Bonne
01/04/2018,Paris 8e,75108,30,33,22,Moyenne,Bonne,Moyenne,Bonne
01/04/2018,Paris 9e,75109,31,33,22,Moyenne,Bonne,Moyenne,Bonne
01/04/2018,Paris 10e,75110,34,33,22,Moyenne,Bonne,Moyenne,Bonne
01/04/2018,Paris 11e,75111,34,33,22,Moyenne,Bonne,Moyenne,Bonne
01/04/2018,Paris 12e,75112,33,33,24,Moyenne,Bonne,Moyenne,Bonne
01/04/2018,Paris 13e,75113,30,33,22,Moyenne,Bonne,Moyenne,Bonne
01/04/2018,Paris 14e,75114,29,34,22,Moyenne,Bonne,Moyenne,Bonne
01/04/2018,Paris 15e,75115,29,35,22,Moyenne,Bonne,Moyenne,Bonne
01/04/2018,Paris 16e,75116,29,35,20,Bonne,Bonne,Bonne,Bonne
01/04/2018,Paris 17e,75117,30,33,22,Moyenne,Bonne,Moyenne,Bonne
01/04/2018,Paris 18e,75118,35,34,22,Moyenne,Bonne,Moyenne,Bonne
01/04/2018,Paris 19e,75119,39,33,22,Moyenne,Bonne,Moyenne,Bonne
01/04/2018,Paris 20e,75120,36,33,22,Moyenne,Bonne,Moyenne,Bonne
02/04/2018,Paris 1er,75101,31,28,19,Bonne,Bonne,Bonne,Bonne
02/04/2018,Paris 2e,75102,32,28,19,Bonne,Bonne,Bonne,Bonne
02/04/2018,Paris 3e,75103,31,29,19,Bonne,Bonne,Bonne,Bonne
02/04/2018,Paris 4e,75104,31,29,19,Bonne,Bonne,Bonne,Bonne
02/04/2018,Paris 5e,75105,30,29,19,Bonne,Bonne,Bonne,Bonne
02/04/2018,Paris 6e,75106,30,29,19,Bonne,Bonne,Bonne,Bonne
02/04/2018,Paris 7e,75107,31,29,19,Bonne,Bonne,Bonne,Bonne
02/04/2018,Paris 8e,75108,32,28,19,Bonne,Bonne,Bonne,Bonne
02/04/2018,Paris 9e,75109,32,28,19,Bonne,Bonne,Bonne,Bonne
02/04/2018,Paris 10e,75110,32,29,19,Bonne,Bonne,Bonne,Bonne
02/04/2018,Paris 11e,75111,29,30,19,Bonne,Bonne,Bonne,Bonne
02/04/2018,Paris 12e,75112,29,31,19,Bonne,Bonne,Bonne,Bonne
02/04/2018,Paris 13e,75113,29,30,20,Bonne,Bonne,Bonne,Bonne
02/04/2018,Paris 14e,75114,29,30,19,Bonne,Bonne,Bonne,Bonne
02/04/2018,Paris 15e,75115,28,30,19,Bonne,Bonne,Bonne,Bonne
02/04/2018,Paris 16e,75116,31,30,19,Bonne,Bonne,Bonne,Bonne
02/04/2018,Paris 17e,75117,32,28,19,Bonne,Bonne,Bonne,Bonne
02/04/2018,Paris 18e,75118,32,29,19,Bonne,Bonne,Bonne,Bonne
02/04/2018,Paris 19e,75119,29,30,19,Bonne,Bonne,Bonne,Bonne
02/04/2018,Paris 20e,75120,28,30,19,Bonne,Bonne,Bonne,Bonne
03/04/2018,Paris 1er,75101,30,26,19,Bonne,Bonne,Bonne,Bonne
03/04/2018,Paris 2e,75102,30,27,19,Bonne,Bonne,Bonne,Bonne
03/04/2018,Paris 3e,75103,31,27,19,Bonne,Bonne,Bonne,Bonne
03/04/2018,Paris 4e,75104,31,27,19,Bonne,Bonne,Bonne,Bonne
03/04/2018,Paris 5e,75105,30,27,19,Bonne,Bonne,Bonne,Bonne
03/04/2018,Paris 6e,75106,30,27,19,Bonne,Bonne,Bonne,Bonne
03/04/2018,Paris 7e,75107,30,26,19,Bonne,Bonne,Bonne,Bonne
03/04/2018,Paris 8e,75108,32,26,19,Bonne,Bonne,Bonne,Bonne
03/04/2018,Paris 9e,75109,30,27,19,Bonne,Bonne,Bonne,Bonne
03/04/2018,Paris 10e,75110,31,28,19,Bonne,Bonne,Bonne,Bonne
03/04/2018,Paris 11e,75111,31,28,19,Bonne,Bonne,Bonne,Bonne
03/04/2018,Paris 12e,75112,31,28,19,Bonne,Bonne,Bonne,Bonne
03/04/2018,Paris 13e,75113,31,28,19,Bonne,Bonne,Bonne,Bonne
03/04/2018,Paris 14e,75114,29,28,19,Bonne,Bonne,Bonne,Bonne
03/04/2018,Paris 15e,75115,28,28,19,Bonne,Bonne,Bonne,Bonne
03/04/2018,Paris 16e,75116,35,27,19,Bonne,Bonne,Bonne,Bonne
03/04/2018,Paris 17e,75117,33,28,19,Bonne,Bonne,Bonne,Bonne
03/04/2018,Paris 18e,75118,32,29,19,Bonne,Bonne,Bonne,Bonne
03/04/2018,Paris 19e,75119,35,29,19,Bonne,Bonne,Bonne,Bonne
03/04/2018,Paris 20e,75120,31,28,19,Bonne,Bonne,Bonne,Bonne
04/04/2018,Paris 1er,75101,39,38,14,Bonne,Bonne,Bonne,Bonne
04/04/2018,Paris 2e,75102,39,38,14,Bonne,Bonne,Bonne,Bonne
04/04/2018,Paris 3e,75103,39,38,12,Bonne,Bonne,Bonne,Bonne
04/04/2018,Paris 4e,75104,39,38,14,Bonne,Bonne,Bonne,Bonne
04/04/2018,Paris 5e,75105,39,38,14,Bonne,Bonne,Bonne,Bonne
04/04/2018,Paris 6e,75106,39,38,14,Bonne,Bonne,Bonne,Bonne
04/04/2018,Paris 7e,75107,39,38,15,Bonne,Bonne,Bonne,Bonne
04/04/2018,Paris 8e,75108,39,38,14,Bonne,Bonne,Bonne,Bonne
04/04/2018,Paris 9e,75109,38,38,14,Bonne,Bonne,Bonne,Bonne
04/04/2018,Paris 10e,75110,39,39,12,Bonne,Bonne,Bonne,Bonne
04/04/2018,Paris 11e,75111,39,39,12,Bonne,Bonne,Bonne,Bonne
04/04/2018,Paris 12e,75112,39,39,14,Bonne,Bonne,Bonne,Bonne
04/04/2018,Paris 13e,75113,39,38,15,Bonne,Bonne,Bonne,Bonne
04/04/2018,Paris 14e,75114,38,38,15,Bonne,Bonne,Bonne,Bonne
04/04/2018,Paris 15e,75115,37,38,15,Bonne,Bonne,Bonne,Bonne
04/04/2018,Paris 16e,75116,40,38,15,Bonne,Bonne,Bonne,Bonne
04/04/2018,Paris 17e,75117,39,39,14,Bonne,Bonne,Bonne,Bonne
04/04/2018,Paris 18e,75118,38,40,14,Bonne,Bonne,Bonne,Bonne
04/04/2018,Paris 19e,75119,38,40,12,Bonne,Bonne,Bonne,Bonne
04/04/2018,Paris 20e,75120,38,39,12,Bonne,Bonne,Bonne,Bonne
05/04/2018,Paris 1er,75101,33,34,20,Bonne,Bonne,Bonne,Bonne
05/04/2018,Paris 2e,75102,33,35,20,Bonne,Bonne,Bonne,Bonne
05/04/2018,Paris 3e,75103,33,35,20,Bonne,Bonne,Bonne,Bonne
05/04/2018,Paris 4e,75104,33,35,20,Bonne,Bonne,Bonne,Bonne
05/04/2018,Paris 5e,75105,32,34,22,Moyenne,Bonne,Moyenne,Bonne
05/04/2018,Paris 6e,75106,32,34,20,Bonne,Bonne,Bonne,Bonne
05/04/2018,Paris 7e,75107,34,34,20,Bonne,Bonne,Bonne,Bonne
05/04/2018,Paris 8e,75108,35,34,20,Bonne,Bonne,Bonne,Bonne
05/04/2018,Paris 9e,75109,34,35,20,Bonne,Bonne,Bonne,Bonne
05/04/2018,Paris 10e,75110,34,35,20,Bonne,Bonne,Bonne,Bonne
05/04/2018,Paris 11e,75111,35,35,20,Bonne,Bonne,Bonne,Bonne
05/04/2018,Paris 12e,75112,38,35,20,Bonne,Bonne,Bonne,Bonne
05/04/2018,Paris 13e,75113,35,34,22,Moyenne,Bonne,Moyenne,Bonne
05/04/2018,Paris 14e,75114,33,34,22,Moyenne,Bonne,Moyenne,Bonne
05/04/2018,Paris 15e,75115,34,34,20,Bonne,Bonne,Bonne,Bonne
05/04/2018,Paris 16e,75116,35,34,20,Bonne,Bonne,Bonne,Bonne
05/04/2018,Paris 17e,75117,36,35,20,Bonne,Bonne,Bonne,Bonne
05/04/2018,Paris 18e,75118,35,35,20,Bonne,Bonne,Bonne,Bonne
05/04/2018,Paris 19e,75119,35,35,20,Bonne,Bonne,Bonne,Bonne
05/04/2018,Paris 20e,75120,36,35,20,Bonne,Bonne,Bonne,Bonne
06/04/2018,Paris 1er,75101,36,33,30,Moyenne,Bonne,Moyenne,Bonne
06/04/2018,Paris 2e,75102,38,34,30,Moyenne,Bonne,Moyenne,Bonne
06/04/2018,Paris 3e,75103,37,34,30,Moyenne,Bonne,Moyenne,Bonne
06/04/2018,Paris 4e,75104,36,35,30,Moyenne,Bonne,Moyenne,Bonne
06/04/2018,Paris 5e,75105,34,35,30,Moyenne,Bonne,Moyenne,Bonne
06/04/2018,Paris 6e,75106,33,34,30,Moyenne,Bonne,Moyenne,Bonne
06/04/2018,Paris 7e,75107,35,33,30,Moyenne,Bonne,Moyenne,Bonne
06/04/2018,Paris 8e,75108,42,33,30,Moyenne,Moyenne,Moyenne,Bonne
06/04/2018,Paris 9e,75109,41,33,29,Moyenne,Moyenne,Moyenne,Bonne
06/04/2018,Paris 10e,75110,41,35,29,Moyenne,Moyenne,Moyenne,Bonne
06/04/2018,Paris 11e,75111,38,36,29,Moyenne,Bonne,Moyenne,Bonne
06/04/2018,Paris 12e,75112,38,38,29,Moyenne,Bonne,Moyenne,Bonne
06/04/2018,Paris 13e,75113,34,36,29,Moyenne,Bonne,Moyenne,Bonne
06/04/2018,Paris 14e,75114,31,35,29,Moyenne,Bonne,Moyenne,Bonne
06/04/2018,Paris 15e,75115,34,33,29,Moyenne,Bonne,Moyenne,Bonne
06/04/2018,Paris 16e,75116,45,32,30,Moyenne,Moyenne,Moyenne,Bonne
06/04/2018,Paris 17e,75117,47,33,30,Moyenne,Moyenne,Moyenne,Bonne
06/04/2018,Paris 18e,75118,45,35,27,Moyenne,Moyenne,Moyenne,Bonne
06/04/2018,Paris 19e,75119,40,36,29,Moyenne,Bonne,Moyenne,Bonne
06/04/2018,Paris 20e,75120,38,36,29,Moyenne,Bonne,Moyenne,Bonne
07/04/2018,Paris 1er,75101,35,35,29,Moyenne,Bonne,Moyenne,Bonne
07/04/2018,Paris 2e,75102,34,36,29,Moyenne,Bonne,Moyenne,Bonne
07/04/2018,Paris 3e,75103,35,36,29,Moyenne,Bonne,Moyenne,Bonne
07/04/2018,Paris 4e,75104,35,36,29,Moyenne,Bonne,Moyenne,Bonne
07/04/2018,Paris 5e,75105,33,36,29,Moyenne,Bonne,Moyenne,Bonne
07/04/2018,Paris 6e,75106,33,36,29,Moyenne,Bonne,Moyenne,Bonne
07/04/2018,Paris 7e,75107,38,35,29,Moyenne,Bonne,Moyenne,Bonne
07/04/2018,Paris 8e,75108,36,35,29,Moyenne,Bonne,Moyenne,Bonne
07/04/2018,Paris 9e,75109,33,36,29,Moyenne,Bonne,Moyenne,Bonne
07/04/2018,Paris 10e,75110,34,37,29,Moyenne,Bonne,Moyenne,Bonne
07/04/2018,Paris 11e,75111,37,37,29,Moyenne,Bonne,Moyenne,Bonne
07/04/2018,Paris 12e,75112,42,39,29,Moyenne,Moyenne,Moyenne,Bonne
07/04/2018,Paris 13e,75113,33,37,29,Moyenne,Bonne,Moyenne,Bonne
07/04/2018,Paris 14e,75114,31,36,29,Moyenne,Bonne,Moyenne,Bonne
07/04/2018,Paris 15e,75115,35,36,27,Moyenne,Bonne,Moyenne,Bonne
07/04/2018,Paris 16e,75116,37,35,27,Moyenne,Bonne,Moyenne,Bonne
07/04/2018,Paris 17e,75117,36,36,27,Moyenne,Bonne,Moyenne,Bonne
07/04/2018,Paris 18e,75118,31,38,29,Moyenne,Bonne,Moyenne,Bonne
07/04/2018,Paris 19e,75119,33,38,27,Moyenne,Bonne,Moyenne,Bonne
07/04/2018,Paris 20e,75120,38,38,27,Moyenne,Bonne,Moyenne,Bonne
08/04/2018,Paris 1er,75101,22,43,30,Moyenne,Bonne,Moyenne,Bonne
08/04/2018,Paris 2e,75102,22,43,32,Moyenne,Bonne,Moyenne,Bonne
08/04/2018,Paris 3e,75103,21,43,32,Moyenne,Bonne,Moyenne,Bonne
08/04/2018,Paris 4e,75104,22,43,32,Moyenne,Bonne,Moyenne,Bonne
08/04/2018,Paris 5e,75105,21,43,30,Moyenne,Bonne,Moyenne,Bonne
08/04/2018,Paris 6e,75106,21,43,30,Moyenne,Bonne,Moyenne,Bonne
08/04/2018,Paris 7e,75107,22,43,30,Moyenne,Bonne,Moyenne,Bonne
08/04/2018,Paris 8e,75108,24,43,32,Moyenne,Bonne,Moyenne,Bonne
08/04/2018,Paris 9e,75109,23,44,32,Moyenne,Bonne,Moyenne,Bonne
08/04/2018,Paris 10e,75110,23,45,34,Moyenne,Bonne,Moyenne,Bonne
08/04/2018,Paris 11e,75111,21,44,32,Moyenne,Bonne,Moyenne,Bonne
08/04/2018,Paris 12e,75112,20,45,32,Moyenne,Bonne,Moyenne,Bonne
08/04/2018,Paris 13e,75113,20,45,32,Moyenne,Bonne,Moyenne,Bonne
08/04/2018,Paris 14e,75114,20,44,30,Moyenne,Bonne,Moyenne,Bonne
08/04/2018,Paris 15e,75115,20,43,30,Moyenne,Bonne,Moyenne,Bonne
08/04/2018,Paris 16e,75116,25,43,30,Moyenne,Bonne,Moyenne,Bonne
08/04/2018,Paris 17e,75117,25,44,34,Moyenne,Bonne,Moyenne,Bonne
08/04/2018,Paris 18e,75118,23,46,34,Moyenne,Bonne,Moyenne,Bonne
08/04/2018,Paris 19e,75119,22,46,34,Moyenne,Bonne,Moyenne,Bonne
08/04/2018,Paris 20e,75120,21,45,32,Moyenne,Bonne,Moyenne,Bonne
09/04/2018,Paris 1er,75101,44,28,40,Moyenne,Moyenne,Moyenne,Bonne
09/04/2018,Paris 2e,75102,44,28,42,Moyenne,Moyenne,Moyenne,Bonne
09/04/2018,Paris 3e,75103,44,28,42,Moyenne,Moyenne,Moyenne,Bonne
09/04/2018,Paris 4e,75104,44,28,42,Moyenne,Moyenne,Moyenne,Bonne
09/04/2018,Paris 5e,75105,43,28,40,Moyenne,Moyenne,Moyenne,Bonne
09/04/2018,Paris 6e,75106,43,28,40,Moyenne,Moyenne,Moyenne,Bonne
09/04/2018,Paris 7e,75107,43,30,40,Moyenne,Moyenne,Moyenne,Bonne
09/04/2018,Paris 8e,75108,43,30,44,Moyenne,Moyenne,Moyenne,Bonne
09/04/2018,Paris 9e,75109,44,28,44,Moyenne,Moyenne,Moyenne,Bonne
09/04/2018,Paris 10e,75110,45,27,44,Moyenne,Moyenne,Moyenne,Bonne
09/04/2018,Paris 11e,75111,44,27,44,Moyenne,Moyenne,Moyenne,Bonne
09/04/2018,Paris 12e,75112,48,27,44,Moyenne,Moyenne,Moyenne,Bonne
09/04/2018,Paris 13e,75113,46,28,42,Moyenne,Moyenne,Moyenne,Bonne
09/04/2018,Paris 14e,75114,44,29,39,Moyenne,Moyenne,Moyenne,Bonne
09/04/2018,Paris 15e,75115,43,30,39,Moyenne,Moyenne,Moyenne,Bonne
09/04/2018,Paris 16e,75116,41,31,44,Moyenne,Moyenne,Moyenne,Bonne
09/04/2018,Paris 17e,75117,43,30,45,Moyenne,Moyenne,Moyenne,Bonne
09/04/2018,Paris 18e,75118,46,28,47,Moyenne,Moyenne,Moyenne,Bonne
09/04/2018,Paris 19e,75119,46,26,47,Moyenne,Moyenne,Moyenne,Bonne
09/04/2018,Paris 20e,75120,43,26,45,Moyenne,Moyenne,Moyenne,Bonne
10/04/2018,Paris 1er,75101,30,41,22,Moyenne,Bonne,Moyenne,Bonne
10/04/2018,Paris 2e,75102,31,41,24,Moyenne,Bonne,Moyenne,Bonne
10/04/2018,Paris 3e,75103,31,41,22,Moyenne,Bonne,Moyenne,Bonne
10/04/2018,Paris 4e,75104,32,42,22,Moyenne,Bonne,Moyenne,Bonne
10/04/2018,Paris 5e,75105,29,42,22,Moyenne,Bonne,Moyenne,Bonne
10/04/2018,Paris 6e,75106,28,42,22,Moyenne,Bonne,Moyenne,Bonne
10/04/2018,Paris 7e,75107,27,42,22,Moyenne,Bonne,Moyenne,Bonne
10/04/2018,Paris 8e,75108,28,41,22,Moyenne,Bonne,Moyenne,Bonne
10/04/2018,Paris 9e,75109,29,41,22,Moyenne,Bonne,Moyenne,Bonne
10/04/2018,Paris 10e,75110,31,41,24,Moyenne,Bonne,Moyenne,Bonne
10/04/2018,Paris 11e,75111,31,42,24,Moyenne,Bonne,Moyenne,Bonne
10/04/2018,Paris 12e,75112,28,43,22,Moyenne,Bonne,Moyenne,Bonne
10/04/2018,Paris 13e,75113,27,43,22,Moyenne,Bonne,Moyenne,Bonne
10/04/2018,Paris 14e,75114,25,43,22,Moyenne,Bonne,Moyenne,Bonne
10/04/2018,Paris 15e,75115,24,43,22,Moyenne,Bonne,Moyenne,Bonne
10/04/2018,Paris 16e,75116,28,42,22,Moyenne,Bonne,Moyenne,Bonne
10/04/2018,Paris 17e,75117,29,41,24,Moyenne,Bonne,Moyenne,Bonne
10/04/2018,Paris 18e,75118,30,41,24,Moyenne,Bonne,Moyenne,Bonne
10/04/2018,Paris 19e,75119,33,42,24,Moyenne,Bonne,Moyenne,Bonne
10/04/2018,Paris 20e,75120,30,43,24,Moyenne,Bonne,Moyenne,Bonne
11/04/2018,Paris 1er,75101,37,46,25,Moyenne,Bonne,Moyenne,Bonne
11/04/2018,Paris 2e,75102,40,46,27,Moyenne,Bonne,Moyenne,Bonne
11/04/2018,Paris 3e,75103,38,48,25,Moyenne,Bonne,Moyenne,Bonne
11/04/2018,Paris 4e,75104,37,48,25,Moyenne,Bonne,Moyenne,Bonne
11/04/2018,Paris 5e,75105,36,47,25,Moyenne,Bonne,Moyenne,Bonne
11/04/2018,Paris 6e,75106,35,47,25,Moyenne,Bonne,Moyenne,Bonne
11/04/2018,Paris 7e,75107,37,46,27,Moyenne,Bonne,Moyenne,Bonne
11/04/2018,Paris 8e,75108,42,45,29,Moyenne,Moyenne,Moyenne,Bonne
11/04/2018,Paris 9e,75109,42,45,27,Moyenne,Moyenne,Moyenne,Bonne
11/04/2018,Paris 10e,75110,44,47,27,Moyenne,Moyenne,Moyenne,Bonne
11/04/2018,Paris 11e,75111,42,48,27,Moyenne,Moyenne,Moyenne,Bonne
11/04/2018,Paris 12e,75112,41,49,25,Moyenne,Moyenne,Moyenne,Bonne
11/04/2018,Paris 13e,75113,38,48,25,Moyenne,Bonne,Moyenne,Bonne
11/04/2018,Paris 14e,75114,34,47,25,Moyenne,Bonne,Moyenne,Bonne
11/04/2018,Paris 15e,75115,36,45,27,Moyenne,Bonne,Moyenne,Bonne
11/04/2018,Paris 16e,75116,41,44,30,Moyenne,Moyenne,Moyenne,Bonne
11/04/2018,Paris 17e,75117,46,44,30,Moyenne,Moyenne,Moyenne,Bonne
11/04/2018,Paris 18e,75118,48,45,30,Moyenne,Moyenne,Moyenne,Bonne
11/04/2018,Paris 19e,75119,50,48,30,Moyenne,Moyenne,Moyenne,Bonne
11/04/2018,Paris 20e,75120,45,48,27,Moyenne,Moyenne,Moyenne,Bonne
12/04/2018,Paris 1er,75101,35,23,50,Moyenne,Bonne,Moyenne,Bonne
12/04/2018,Paris 2e,75102,35,24,52,Mauvaise,Bonne,Mauvaise,Bonne
12/04/2018,Paris 3e,75103,34,22,50,Moyenne,Bonne,Moyenne,Bonne
12/04/2018,Paris 4e,75104,35,22,50,Moyenne,Bonne,Moyenne,Bonne
12/04/2018,Paris 5e,75105,34,22,49,Moyenne,Bonne,Moyenne,Bonne
12/04/2018,Paris 6e,75106,34,23,50,Moyenne,Bonne,Moyenne,Bonne
12/04/2018,Paris 7e,75107,36,24,53,Mauvaise,Bonne,Mauvaise,Bonne
12/04/2018,Paris 8e,75108,36,25,54,Mauvaise,Bonne,Mauvaise,Bonne
12/04/2018,Paris 9e,75109,36,25,53,Mauvaise,Bonne,Mauvaise,Bonne
12/04/2018,Paris 10e,75110,36,25,53,Mauvaise,Bonne,Mauvaise,Bonne
12/04/2018,Paris 11e,75111,35,23,50,Moyenne,Bonne,Moyenne,Bonne
12/04/2018,Paris 12e,75112,35,22,49,Moyenne,Bonne,Moyenne,Bonne
12/04/2018,Paris 13e,75113,33,23,49,Moyenne,Bonne,Moyenne,Bonne
12/04/2018,Paris 14e,75114,34,24,49,Moyenne,Bonne,Moyenne,Bonne
12/04/2018,Paris 15e,75115,35,25,52,Mauvaise,Bonne,Mauvaise,Bonne
12/04/2018,Paris 16e,75116,36,26,57,Mauvaise,Bonne,Mauvaise,Bonne
12/04/2018,Paris 17e,75117,37,27,57,Mauvaise,Bonne,Mauvaise,Bonne
12/04/2018,Paris 18e,75118,37,28,55,Mauvaise,Bonne,Mauvaise,Bonne
12/04/2018,Paris 19e,75119,38,25,54,Mauvaise,Bonne,Mauvaise,Bonne
12/04/2018,Paris 20e,75120,35,23,50,Moyenne,Bonne,Moyenne,Bonne
13/04/2018,Paris 1er,75101,51,39,29,Moyenne,Moyenne,Moyenne,Bonne
13/04/2018,Paris 2e,75102,52,39,30,Moyenne,Moyenne,Moyenne,Bonne
13/04/2018,Paris 3e,75103,52,39,30,Moyenne,Moyenne,Moyenne,Bonne
13/04/2018,Paris 4e,75104,51,39,29,Moyenne,Moyenne,Moyenne,Bonne
13/04/2018,Paris 5e,75105,51,39,29,Moyenne,Moyenne,Moyenne,Bonne
13/04/2018,Paris 6e,75106,50,39,29,Moyenne,Moyenne,Moyenne,Bonne
13/04/2018,Paris 7e,75107,51,39,29,Moyenne,Moyenne,Moyenne,Bonne
13/04/2018,Paris 8e,75108,51,39,30,Moyenne,Moyenne,Moyenne,Bonne
13/04/2018,Paris 9e,75109,52,39,30,Moyenne,Moyenne,Moyenne,Bonne
13/04/2018,Paris 10e,75110,52,40,30,Moyenne,Moyenne,Moyenne,Bonne
13/04/2018,Paris 11e,75111,52,40,30,Moyenne,Moyenne,Moyenne,Bonne
13/04/2018,Paris 12e,75112,51,40,30,Moyenne,Moyenne,Moyenne,Bonne
13/04/2018,Paris 13e,75113,51,40,29,Moyenne,Moyenne,Moyenne,Bonne
13/04/2018,Paris 14e,75114,49,39,27,Moyenne,Moyenne,Moyenne,Bonne
13/04/2018,Paris 15e,75115,46,39,27,Moyenne,Moyenne,Moyenne,Bonne
13/04/2018,Paris 16e,75116,49,39,30,Moyenne,Moyenne,Moyenne,Bonne
13/04/2018,Paris 17e,75117,52,40,30,Moyenne,Moyenne,Moyenne,Bonne
13/04/2018,Paris 18e,75118,53,40,30,Moyenne,Moyenne,Moyenne,Bonne
13/04/2018,Paris 19e,75119,53,40,30,Moyenne,Moyenne,Moyenne,Bonne
13/04/2018,Paris 20e,75120,52,40,30,Moyenne,Moyenne,Moyenne,Bonne
14/04/2018,Paris 1er,75101,46,30,25,Moyenne,Moyenne,Moyenne,Bonne
14/04/2018,Paris 2e,75102,48,30,27,Moyenne,Moyenne,Moyenne,Bonne
14/04/2018,Paris 3e,75103,47,31,25,Moyenne,Moyenne,Moyenne,Bonne
14/04/2018,Paris 4e,75104,47,31,25,Moyenne,Moyenne,Moyenne,Bonne
14/04/2018,Paris 5e,75105,45,32,24,Moyenne,Moyenne,Moyenne,Bonne
14/04/2018,Paris 6e,75106,44,32,24,Moyenne,Moyenne,Moyenne,Bonne
14/04/2018,Paris 7e,75107,44,31,25,Moyenne,Moyenne,Moyenne,Bonne
14/04/2018,Paris 8e,75108,47,30,29,Moyenne,Moyenne,Moyenne,Bonne
14/04/2018,Paris 9e,75109,48,31,29,Moyenne,Moyenne,Moyenne,Bonne
14/04/2018,Paris 10e,75110,49,31,29,Moyenne,Moyenne,Moyenne,Bonne
14/04/2018,Paris 11e,75111,48,32,27,Moyenne,Moyenne,Moyenne,Bonne
14/04/2018,Paris 12e,75112,45,33,25,Moyenne,Moyenne,Moyenne,Bonne
14/04/2018,Paris 13e,75113,43,34,25,Moyenne,Moyenne,Moyenne,Bonne
14/04/2018,Paris 14e,75114,41,33,24,Moyenne,Moyenne,Moyenne,Bonne
14/04/2018,Paris 15e,75115,40,32,25,Moyenne,Bonne,Moyenne,Bonne
14/04/2018,Paris 16e,75116,43,32,29,Moyenne,Moyenne,Moyenne,Bonne
14/04/2018,Paris 17e,75117,47,31,30,Moyenne,Moyenne,Moyenne,Bonne
14/04/2018,Paris 18e,75118,51,32,30,Moyenne,Moyenne,Moyenne,Bonne
14/04/2018,Paris 19e,75119,51,32,30,Moyenne,Moyenne,Moyenne,Bonne
14/04/2018,Paris 20e,75120,48,33,27,Moyenne,Moyenne,Moyenne,Bonne
15/04/2018,Paris 1er,75101,21,35,19,Bonne,Bonne,Bonne,Bonne
15/04/2018,Paris 2e,75102,21,36,19,Bonne,Bonne,Bonne,Bonne
15/04/2018,Paris 3e,75103,22,36,20,Bonne,Bonne,Bonne,Bonne
15/04/2018,Paris 4e,75104,22,35,20,Bonne,Bonne,Bonne,Bonne
15/04/2018,Paris 5e,75105,21,35,19,Bonne,Bonne,Bonne,Bonne
15/04/2018,Paris 6e,75106,21,35,19,Bonne,Bonne,Bonne,Bonne
15/04/2018,Paris 7e,75107,21,35,19,Bonne,Bonne,Bonne,Bonne
15/04/2018,Paris 8e,75108,22,36,19,Bonne,Bonne,Bonne,Bonne
15/04/2018,Paris 9e,75109,20,36,19,Bonne,Bonne,Bonne,Bonne
15/04/2018,Paris 10e,75110,21,37,19,Bonne,Bonne,Bonne,Bonne
15/04/2018,Paris 11e,75111,23,37,20,Bonne,Bonne,Bonne,Bonne
15/04/2018,Paris 12e,75112,29,37,20,Bonne,Bonne,Bonne,Bonne
15/04/2018,Paris 13e,75113,22,36,20,Bonne,Bonne,Bonne,Bonne
15/04/2018,Paris 14e,75114,21,36,19,Bonne,Bonne,Bonne,Bonne
15/04/2018,Paris 15e,75115,19,35,19,Bonne,Bonne,Bonne,Bonne
15/04/2018,Paris 16e,75116,24,35,17,Bonne,Bonne,Bonne,Bonne
15/04/2018,Paris 17e,75117,23,37,17,Bonne,Bonne,Bonne,Bonne
15/04/2018,Paris 18e,75118,19,38,19,Bonne,Bonne,Bonne,Bonne
15/04/2018,Paris 19e,75119,22,38,20,Bonne,Bonne,Bonne,Bonne
15/04/2018,Paris 20e,75120,24,37,20,Bonne,Bonne,Bonne,Bonne
16/04/2018,Paris 1er,75101,44,36,32,Moyenne,Moyenne,Moyenne,Bonne
16/04/2018,Paris 2e,75102,45,37,32,Moyenne,Moyenne,Moyenne,Bonne
16/04/2018,Paris 3e,75103,47,36,32,Moyenne,Moyenne,Moyenne,Bonne
16/04/2018,Paris 4e,75104,48,37,32,Moyenne,Moyenne,Moyenne,Bonne
16/04/2018,Paris 5e,75105,48,37,32,Moyenne,Moyenne,Moyenne,Bonne
16/04/2018,Paris 6e,75106,45,37,32,Moyenne,Moyenne,Moyenne,Bonne
16/04/2018,Paris 7e,75107,41,37,32,Moyenne,Moyenne,Moyenne,Bonne
16/04/2018,Paris 8e,75108,41,37,30,Moyenne,Moyenne,Moyenne,Bonne
16/04/2018,Paris 9e,75109,42,37,30,Moyenne,Moyenne,Moyenne,Bonne
16/04/2018,Paris 10e,75110,45,37,32,Moyenne,Moyenne,Moyenne,Bonne
16/04/2018,Paris 11e,75111,47,37,34,Moyenne,Moyenne,Moyenne,Bonne
16/04/2018,Paris 12e,75112,48,37,37,Moyenne,Moyenne,Moyenne,Bonne
16/04/2018,Paris 13e,75113,50,38,35,Moyenne,Moyenne,Moyenne,Bonne
16/04/2018,Paris 14e,75114,45,38,34,Moyenne,Moyenne,Moyenne,Bonne
16/04/2018,Paris 15e,75115,36,38,32,Moyenne,Bonne,Moyenne,Bonne
16/04/2018,Paris 16e,75116,38,38,32,Moyenne,Bonne,Moyenne,Bonne
16/04/2018,Paris 17e,75117,42,38,30,Moyenne,Moyenne,Moyenne,Bonne
16/04/2018,Paris 18e,75118,42,38,32,Moyenne,Moyenne,Moyenne,Bonne
16/04/2018,Paris 19e,75119,45,38,34,Moyenne,Moyenne,Moyenne,Bonne
16/04/2018,Paris 20e,75120,46,37,34,Moyenne,Moyenne,Moyenne,Bonne
17/04/2018,Paris 1er,75101,56,41,45,Moyenne,Moyenne,Moyenne,Bonne
17/04/2018,Paris 2e,75102,56,41,47,Moyenne,Moyenne,Moyenne,Bonne
17/04/2018,Paris 3e,75103,55,41,47,Moyenne,Moyenne,Moyenne,Bonne
17/04/2018,Paris 4e,75104,56,41,47,Moyenne,Moyenne,Moyenne,Bonne
17/04/2018,Paris 5e,75105,56,41,47,Moyenne,Moyenne,Moyenne,Bonne
17/04/2018,Paris 6e,75106,56,41,45,Moyenne,Moyenne,Moyenne,Bonne
17/04/2018,Paris 7e,75107,56,42,44,Moyenne,Moyenne,Moyenne,Bonne
17/04/2018,Paris 8e,75108,56,43,44,Moyenne,Moyenne,Moyenne,Bonne
17/04/2018,Paris 9e,75109,55,43,45,Moyenne,Moyenne,Moyenne,Bonne
17/04/2018,Paris 10e,75110,55,43,47,Moyenne,Moyenne,Moyenne,Bonne
17/04/2018,Paris 11e,75111,55,42,47,Moyenne,Moyenne,Moyenne,Bonne
17/04/2018,Paris 12e,75112,54,44,47,Moyenne,Moyenne,Moyenne,Bonne
17/04/2018,Paris 13e,75113,56,43,45,Moyenne,Moyenne,Moyenne,Bonne
17/04/2018,Paris 14e,75114,55,43,44,Moyenne,Moyenne,Moyenne,Bonne
17/04/2018,Paris 15e,75115,54,43,42,Moyenne,Moyenne,Moyenne,Bonne
17/04/2018,Paris 16e,75116,55,43,40,Moyenne,Moyenne,Moyenne,Bonne
17/04/2018,Paris 17e,75117,55,44,45,Moyenne,Moyenne,Moyenne,Bonne
17/04/2018,Paris 18e,75118,55,45,47,Moyenne,Moyenne,Moyenne,Bonne
17/04/2018,Paris 19e,75119,55,45,49,Moyenne,Moyenne,Moyenne,Bonne
17/04/2018,Paris 20e,75120,54,43,47,Moyenne,Moyenne,Moyenne,Bonne
18/04/2018,Paris 1er,75101,52,51,50,Moyenne,Moyenne,Moyenne,Moyenne
18/04/2018,Paris 2e,75102,52,51,50,Moyenne,Moyenne,Moyenne,Moyenne
18/04/2018,Paris 3e,75103,51,53,49,Moyenne,Moyenne,Moyenne,Moyenne
18/04/2018,Paris 4e,75104,52,53,49,Moyenne,Moyenne,Moyenne,Moyenne
18/04/2018,Paris 5e,75105,51,52,49,Moyenne,Moyenne,Moyenne,Moyenne
18/04/2018,Paris 6e,75106,51,51,49,Moyenne,Moyenne,Moyenne,Moyenne
18/04/2018,Paris 7e,75107,52,50,53,Mauvaise,Moyenne,Mauvaise,Bonne
18/04/2018,Paris 8e,75108,53,49,53,Mauvaise,Moyenne,Mauvaise,Bonne
18/04/2018,Paris 9e,75109,52,50,52,Mauvaise,Moyenne,Mauvaise,Bonne
18/04/2018,Paris 10e,75110,52,52,52,Mauvaise,Moyenne,Mauvaise,Moyenne
18/04/2018,Paris 11e,75111,51,53,50,Moyenne,Moyenne,Moyenne,Moyenne
18/04/2018,Paris 12e,75112,49,54,49,Moyenne,Moyenne,Moyenne,Moyenne
18/04/2018,Paris 13e,75113,48,53,49,Moyenne,Moyenne,Moyenne,Moyenne
18/04/2018,Paris 14e,75114,51,52,52,Mauvaise,Moyenne,Mauvaise,Moyenne
18/04/2018,Paris 15e,75115,53,50,54,Mauvaise,Moyenne,Mauvaise,Bonne
18/04/2018,Paris 16e,75116,53,48,55,Mauvaise,Moyenne,Mauvaise,Bonne
18/04/2018,Paris 17e,75117,53,49,54,Mauvaise,Moyenne,Mauvaise,Bonne
18/04/2018,Paris 18e,75118,52,52,53,Mauvaise,Moyenne,Mauvaise,Moyenne
18/04/2018,Paris 19e,75119,50,53,52,Mauvaise,Moyenne,Mauvaise,Moyenne
18/04/2018,Paris 20e,75120,49,53,50,Moyenne,Moyenne,Moyenne,Moyenne
19/04/2018,Paris 1er,75101,55,47,54,Mauvaise,Moyenne,Mauvaise,Bonne
19/04/2018,Paris 2e,75102,55,48,54,Mauvaise,Moyenne,Mauvaise,Bonne
19/04/2018,Paris 3e,75103,53,48,55,Mauvaise,Moyenne,Mauvaise,Bonne
19/04/2018,Paris 4e,75104,54,48,55,Mauvaise,Moyenne,Mauvaise,Bonne
19/04/2018,Paris 5e,75105,53,47,55,Mauvaise,Moyenne,Mauvaise,Bonne
19/04/2018,Paris 6e,75106,54,47,55,Mauvaise,Moyenne,Mauvaise,Bonne
19/04/2018,Paris 7e,75107,62,47,54,Mauvaise,Moyenne,Mauvaise,Bonne
19/04/2018,Paris 8e,75108,59,48,53,Mauvaise,Moyenne,Mauvaise,Bonne
19/04/2018,Paris 9e,75109,54,49,52,Mauvaise,Moyenne,Mauvaise,Bonne
19/04/2018,Paris 10e,75110,53,49,54,Mauvaise,Moyenne,Mauvaise,Bonne
19/04/2018,Paris 11e,75111,53,49,54,Mauvaise,Moyenne,Mauvaise,Bonne
19/04/2018,Paris 12e,75112,51,50,54,Mauvaise,Moyenne,Mauvaise,Bonne
19/04/2018,Paris 13e,75113,50,49,55,Mauvaise,Moyenne,Mauvaise,Bonne
19/04/2018,Paris 14e,75114,55,48,54,Mauvaise,Moyenne,Mauvaise,Bonne
19/04/2018,Paris 15e,75115,60,48,54,Mauvaise,Moyenne,Mauvaise,Bonne
19/04/2018,Paris 16e,75116,61,48,52,Mauvaise,Moyenne,Mauvaise,Bonne
19/04/2018,Paris 17e,75117,59,50,52,Mauvaise,Moyenne,Mauvaise,Bonne
19/04/2018,Paris 18e,75118,54,51,52,Mauvaise,Moyenne,Mauvaise,Moyenne
19/04/2018,Paris 19e,75119,56,51,54,Mauvaise,Moyenne,Mauvaise,Moyenne
19/04/2018,Paris 20e,75120,52,50,54,Mauvaise,Moyenne,Mauvaise,Bonne
20/04/2018,Paris 1er,75101,60,56,63,Mauvaise,Moyenne,Mauvaise,Moyenne
20/04/2018,Paris 2e,75102,61,56,63,Mauvaise,Moyenne,Mauvaise,Moyenne
20/04/2018,Paris 3e,75103,60,57,63,Mauvaise,Moyenne,Mauvaise,Moyenne
20/04/2018,Paris 4e,75104,60,57,63,Mauvaise,Moyenne,Mauvaise,Moyenne
20/04/2018,Paris 5e,75105,59,57,63,Mauvaise,Moyenne,Mauvaise,Moyenne
20/04/2018,Paris 6e,75106,59,56,62,Mauvaise,Moyenne,Mauvaise,Moyenne
20/04/2018,Paris 7e,75107,60,56,62,Mauvaise,Moyenne,Mauvaise,Moyenne
20/04/2018,Paris 8e,75108,61,56,64,Mauvaise,Moyenne,Mauvaise,Moyenne
20/04/2018,Paris 9e,75109,62,55,62,Mauvaise,Moyenne,Mauvaise,Moyenne
20/04/2018,Paris 10e,75110,62,56,62,Mauvaise,Moyenne,Mauvaise,Moyenne
20/04/2018,Paris 11e,75111,60,56,62,Mauvaise,Moyenne,Mauvaise,Moyenne
20/04/2018,Paris 12e,75112,58,56,62,Mauvaise,Moyenne,Mauvaise,Moyenne
20/04/2018,Paris 13e,75113,58,56,62,Mauvaise,Moyenne,Mauvaise,Moyenne
20/04/2018,Paris 14e,75114,58,56,60,Mauvaise,Moyenne,Mauvaise,Moyenne
20/04/2018,Paris 15e,75115,58,55,60,Mauvaise,Moyenne,Mauvaise,Moyenne
20/04/2018,Paris 16e,75116,59,55,67,Mauvaise,Moyenne,Mauvaise,Moyenne
20/04/2018,Paris 17e,75117,61,55,65,Mauvaise,Moyenne,Mauvaise,Moyenne
20/04/2018,Paris 18e,75118,63,55,62,Mauvaise,Moyenne,Mauvaise,Moyenne
20/04/2018,Paris 19e,75119,63,56,60,Mauvaise,Moyenne,Mauvaise,Moyenne
20/04/2018,Paris 20e,75120,60,56,60,Mauvaise,Moyenne,Mauvaise,Moyenne
21/04/2018,Paris 1er,75101,30,54,47,Moyenne,Bonne,Moyenne,Moyenne
21/04/2018,Paris 2e,75102,31,54,47,Moyenne,Bonne,Moyenne,Moyenne
21/04/2018,Paris 3e,75103,30,54,47,Moyenne,Bonne,Moyenne,Moyenne
21/04/2018,Paris 4e,75104,31,55,47,Moyenne,Bonne,Moyenne,Moyenne
21/04/2018,Paris 5e,75105,32,55,45,Moyenne,Bonne,Moyenne,Moyenne
21/04/2018,Paris 6e,75106,31,55,45,Moyenne,Bonne,Moyenne,Moyenne
21/04/2018,Paris 7e,75107,31,54,47,Moyenne,Bonne,Moyenne,Moyenne
21/04/2018,Paris 8e,75108,34,54,47,Moyenne,Bonne,Moyenne,Moyenne
21/04/2018,Paris 9e,75109,33,54,47,Moyenne,Bonne,Moyenne,Moyenne
21/04/2018,Paris 10e,75110,33,54,49,Moyenne,Bonne,Moyenne,Moyenne
21/04/2018,Paris 11e,75111,32,55,49,Moyenne,Bonne,Moyenne,Moyenne
21/04/2018,Paris 12e,75112,36,55,47,Moyenne,Bonne,Moyenne,Moyenne
21/04/2018,Paris 13e,75113,34,55,45,Moyenne,Bonne,Moyenne,Moyenne
21/04/2018,Paris 14e,75114,32,55,45,Moyenne,Bonne,Moyenne,Moyenne
21/04/2018,Paris 15e,75115,33,55,45,Moyenne,Bonne,Moyenne,Moyenne
21/04/2018,Paris 16e,75116,33,54,47,Moyenne,Bonne,Moyenne,Moyenne
21/04/2018,Paris 17e,75117,39,54,49,Moyenne,Bonne,Moyenne,Moyenne
21/04/2018,Paris 18e,75118,39,54,50,Moyenne,Bonne,Moyenne,Moyenne
21/04/2018,Paris 19e,75119,35,54,50,Moyenne,Bonne,Moyenne,Moyenne
21/04/2018,Paris 20e,75120,34,55,49,Moyenne,Bonne,Moyenne,Moyenne
22/04/2018,Paris 1er,75101,32,42,52,Mauvaise,Bonne,Mauvaise,Bonne
22/04/2018,Paris 2e,75102,36,43,52,Mauvaise,Bonne,Mauvaise,Bonne
22/04/2018,Paris 3e,75103,34,42,52,Mauvaise,Bonne,Mauvaise,Bonne
22/04/2018,Paris 4e,75104,32,42,52,Mauvaise,Bonne,Mauvaise,Bonne
22/04/2018,Paris 5e,75105,31,43,52,Mauvaise,Bonne,Mauvaise,Bonne
22/04/2018,Paris 6e,75106,30,43,52,Mauvaise,Bonne,Mauvaise,Bonne
22/04/2018,Paris 7e,75107,31,43,52,Mauvaise,Bonne,Mauvaise,Bonne
22/04/2018,Paris 8e,75108,40,44,52,Mauvaise,Bonne,Mauvaise,Bonne
22/04/2018,Paris 9e,75109,41,44,52,Mauvaise,Moyenne,Mauvaise,Bonne
22/04/2018,Paris 10e,75110,41,44,52,Mauvaise,Moyenne,Mauvaise,Bonne
22/04/2018,Paris 11e,75111,38,43,52,Mauvaise,Bonne,Mauvaise,Bonne
22/04/2018,Paris 12e,75112,36,43,52,Mauvaise,Bonne,Mauvaise,Bonne
22/04/2018,Paris 13e,75113,33,44,52,Mauvaise,Bonne,Mauvaise,Bonne
22/04/2018,Paris 14e,75114,30,43,52,Mauvaise,Bonne,Mauvaise,Bonne
22/04/2018,Paris 15e,75115,27,44,52,Mauvaise,Bonne,Mauvaise,Bonne
22/04/2018,Paris 16e,75116,39,44,52,Mauvaise,Bonne,Mauvaise,Bonne
22/04/2018,Paris 17e,75117,45,45,52,Mauvaise,Moyenne,Mauvaise,Bonne
22/04/2018,Paris 18e,75118,47,45,52,Mauvaise,Moyenne,Mauvaise,Bonne
22/04/2018,Paris 19e,75119,42,45,52,Mauvaise,Moyenne,Mauvaise,Bonne
22/04/2018,Paris 20e,75120,39,44,52,Mauvaise,Bonne,Mauvaise,Bonne
23/04/2018,Paris 1er,75101,19,36,35,Moyenne,Bonne,Moyenne,Bonne
23/04/2018,Paris 2e,75102,19,36,35,Moyenne,Bonne,Moyenne,Bonne
23/04/2018,Paris 3e,75103,19,36,35,Moyenne,Bonne,Moyenne,Bonne
23/04/2018,Paris 4e,75104,19,36,35,Moyenne,Bonne,Moyenne,Bonne
23/04/2018,Paris 5e,75105,19,36,35,Moyenne,Bonne,Moyenne,Bonne
23/04/2018,Paris 6e,75106,19,37,35,Moyenne,Bonne,Moyenne,Bonne
23/04/2018,Paris 7e,75107,21,36,35,Moyenne,Bonne,Moyenne,Bonne
23/04/2018,Paris 8e,75108,19,36,35,Moyenne,Bonne,Moyenne,Bonne
23/04/2018,Paris 9e,75109,20,37,35,Moyenne,Bonne,Moyenne,Bonne
23/04/2018,Paris 10e,75110,21,37,35,Moyenne,Bonne,Moyenne,Bonne
23/04/2018,Paris 11e,75111,21,37,35,Moyenne,Bonne,Moyenne,Bonne
23/04/2018,Paris 12e,75112,21,37,35,Moyenne,Bonne,Moyenne,Bonne
23/04/2018,Paris 13e,75113,21,37,35,Moyenne,Bonne,Moyenne,Bonne
23/04/2018,Paris 14e,75114,20,37,35,Moyenne,Bonne,Moyenne,Bonne
23/04/2018,Paris 15e,75115,21,37,35,Moyenne,Bonne,Moyenne,Bonne
23/04/2018,Paris 16e,75116,20,38,37,Moyenne,Bonne,Moyenne,Bonne
23/04/2018,Paris 17e,75117,19,37,35,Moyenne,Bonne,Moyenne,Bonne
23/04/2018,Paris 18e,75118,23,37,34,Moyenne,Bonne,Moyenne,Bonne
23/04/2018,Paris 19e,75119,25,38,34,Moyenne,Bonne,Moyenne,Bonne
23/04/2018,Paris 20e,75120,21,37,34,Moyenne,Bonne,Moyenne,Bonne
24/04/2018,Paris 1er,75101,25,40,30,Moyenne,Bonne,Moyenne,Bonne
24/04/2018,Paris 2e,75102,24,40,32,Moyenne,Bonne,Moyenne,Bonne
24/04/2018,Paris 3e,75103,25,40,32,Moyenne,Bonne,Moyenne,Bonne
24/04/2018,Paris 4e,75104,26,40,32,Moyenne,Bonne,Moyenne,Bonne
24/04/2018,Paris 5e,75105,27,40,32,Moyenne,Bonne,Moyenne,Bonne
24/04/2018,Paris 6e,75106,27,40,30,Moyenne,Bonne,Moyenne,Bonne
24/04/2018,Paris 7e,75107,29,40,30,Moyenne,Bonne,Moyenne,Bonne
24/04/2018,Paris 8e,75108,28,41,30,Moyenne,Bonne,Moyenne,Bonne
24/04/2018,Paris 9e,75109,23,41,30,Moyenne,Bonne,Moyenne,Bonne
24/04/2018,Paris 10e,75110,24,41,32,Moyenne,Bonne,Moyenne,Bonne
24/04/2018,Paris 11e,75111,29,41,32,Moyenne,Bonne,Moyenne,Bonne
24/04/2018,Paris 12e,75112,33,41,32,Moyenne,Bonne,Moyenne,Bonne
24/04/2018,Paris 13e,75113,31,41,32,Moyenne,Bonne,Moyenne,Bonne
24/04/2018,Paris 14e,75114,28,41,32,Moyenne,Bonne,Moyenne,Bonne
24/04/2018,Paris 15e,75115,28,40,30,Moyenne,Bonne,Moyenne,Bonne
24/04/2018,Paris 16e,75116,32,40,32,Moyenne,Bonne,Moyenne,Bonne
24/04/2018,Paris 17e,75117,30,42,30,Moyenne,Bonne,Moyenne,Bonne
24/04/2018,Paris 18e,75118,24,43,32,Moyenne,Bonne,Moyenne,Bonne
24/04/2018,Paris 19e,75119,29,42,32,Moyenne,Bonne,Moyenne,Bonne
24/04/2018,Paris 20e,75120,30,41,32,Moyenne,Bonne,Moyenne,Bonne
25/04/2018,Paris 1er,75101,19,34,27,Moyenne,Bonne,Moyenne,Bonne
25/04/2018,Paris 2e,75102,18,34,27,Moyenne,Bonne,Moyenne,Bonne
25/04/2018,Paris 3e,75103,19,34,27,Moyenne,Bonne,Moyenne,Bonne
25/04/2018,Paris 4e,75104,19,34,27,Moyenne,Bonne,Moyenne,Bonne
25/04/2018,Paris 5e,75105,19,34,29,Moyenne,Bonne,Moyenne,Bonne
25/04/2018,Paris 6e,75106,19,34,29,Moyenne,Bonne,Moyenne,Bonne
25/04/2018,Paris 7e,75107,21,35,27,Moyenne,Bonne,Moyenne,Bonne
25/04/2018,Paris 8e,75108,19,35,27,Moyenne,Bonne,Moyenne,Bonne
25/04/2018,Paris 9e,75109,17,35,25,Moyenne,Bonne,Moyenne,Bonne
25/04/2018,Paris 10e,75110,19,35,27,Moyenne,Bonne,Moyenne,Bonne
25/04/2018,Paris 11e,75111,19,35,27,Moyenne,Bonne,Moyenne,Bonne
25/04/2018,Paris 12e,75112,19,35,27,Moyenne,Bonne,Moyenne,Bonne
25/04/2018,Paris 13e,75113,18,35,29,Moyenne,Bonne,Moyenne,Bonne
25/04/2018,Paris 14e,75114,18,35,29,Moyenne,Bonne,Moyenne,Bonne
25/04/2018,Paris 15e,75115,20,35,29,Moyenne,Bonne,Moyenne,Bonne
25/04/2018,Paris 16e,75116,19,35,29,Moyenne,Bonne,Moyenne,Bonne
25/04/2018,Paris 17e,75117,17,35,27,Moyenne,Bonne,Moyenne,Bonne
25/04/2018,Paris 18e,75118,17,35,24,Moyenne,Bonne,Moyenne,Bonne
25/04/2018,Paris 19e,75119,19,35,25,Moyenne,Bonne,Moyenne,Bonne
25/04/2018,Paris 20e,75120,19,35,25,Moyenne,Bonne,Moyenne,Bonne
26/04/2018,Paris 1er,75101,28,37,27,Moyenne,Bonne,Moyenne,Bonne
26/04/2018,Paris 2e,75102,28,37,27,Moyenne,Bonne,Moyenne,Bonne
26/04/2018,Paris 3e,75103,33,37,27,Moyenne,Bonne,Moyenne,Bonne
26/04/2018,Paris 4e,75104,35,37,27,Moyenne,Bonne,Moyenne,Bonne
26/04/2018,Paris 5e,75105,35,36,27,Moyenne,Bonne,Moyenne,Bonne
26/04/2018,Paris 6e,75106,32,36,27,Moyenne,Bonne,Moyenne,Bonne
26/04/2018,Paris 7e,75107,28,37,27,Moyenne,Bonne,Moyenne,Bonne
26/04/2018,Paris 8e,75108,30,38,27,Moyenne,Bonne,Moyenne,Bonne
26/04/2018,Paris 9e,75109,25,38,25,Moyenne,Bonne,Moyenne,Bonne
26/04/2018,Paris 10e,75110,30,38,27,Moyenne,Bonne,Moyenne,Bonne
26/04/2018,Paris 11e,75111,39,37,27,Moyenne,Bonne,Moyenne,Bonne
26/04/2018,Paris 12e,75112,42,37,27,Moyenne,Moyenne,Moyenne,Bonne
26/04/2018,Paris 13e,75113,42,36,27,Moyenne,Moyenne,Moyenne,Bonne
26/04/2018,Paris 14e,75114,34,37,27,Moyenne,Bonne,Moyenne,Bonne
26/04/2018,Paris 15e,75115,27,37,27,Moyenne,Bonne,Moyenne,Bonne
26/04/2018,Paris 16e,75116,38,38,27,Moyenne,Bonne,Moyenne,Bonne
26/04/2018,Paris 17e,75117,35,38,27,Moyenne,Bonne,Moyenne,Bonne
26/04/2018,Paris 18e,75118,27,38,25,Moyenne,Bonne,Moyenne,Bonne
26/04/2018,Paris 19e,75119,36,38,25,Moyenne,Bonne,Moyenne,Bonne
26/04/2018,Paris 20e,75120,39,37,27,Moyenne,Bonne,Moyenne,Bonne
27/04/2018,Paris 1er,75101,37,38,42,Moyenne,Bonne,Moyenne,Bonne
27/04/2018,Paris 2e,75102,38,38,40,Moyenne,Bonne,Moyenne,Bonne
27/04/2018,Paris 3e,75103,38,38,42,Moyenne,Bonne,Moyenne,Bonne
27/04/2018,Paris 4e,75104,37,38,42,Moyenne,Bonne,Moyenne,Bonne
27/04/2018,Paris 5e,75105,37,38,42,Moyenne,Bonne,Moyenne,Bonne
27/04/2018,Paris 6e,75106,36,38,42,Moyenne,Bonne,Moyenne,Bonne
27/04/2018,Paris 7e,75107,36,38,42,Moyenne,Bonne,Moyenne,Bonne
27/04/2018,Paris 8e,75108,39,38,39,Moyenne,Bonne,Moyenne,Bonne
27/04/2018,Paris 9e,75109,39,38,37,Moyenne,Bonne,Moyenne,Bonne
27/04/2018,Paris 10e,75110,40,38,39,Moyenne,Bonne,Moyenne,Bonne
27/04/2018,Paris 11e,75111,39,38,40,Moyenne,Bonne,Moyenne,Bonne
27/04/2018,Paris 12e,75112,38,39,40,Moyenne,Bonne,Moyenne,Bonne
27/04/2018,Paris 13e,75113,38,39,42,Moyenne,Bonne,Moyenne,Bonne
27/04/2018,Paris 14e,75114,36,39,42,Moyenne,Bonne,Moyenne,Bonne
27/04/2018,Paris 15e,75115,34,39,40,Moyenne,Bonne,Moyenne,Bonne
27/04/2018,Paris 16e,75116,37,39,39,Moyenne,Bonne,Moyenne,Bonne
27/04/2018,Paris 17e,75117,41,39,37,Moyenne,Moyenne,Moyenne,Bonne
27/04/2018,Paris 18e,75118,42,40,35,Moyenne,Moyenne,Moyenne,Bonne
27/04/2018,Paris 19e,75119,41,39,37,Moyenne,Moyenne,Moyenne,Bonne
27/04/2018,Paris 20e,75120,38,39,39,Moyenne,Bonne,Moyenne,Bonne
28/04/2018,Paris 1er,75101,23,35,19,Bonne,Bonne,Bonne,Bonne
28/04/2018,Paris 2e,75102,23,35,19,Bonne,Bonne,Bonne,Bonne
28/04/2018,Paris 3e,75103,23,35,20,Bonne,Bonne,Bonne,Bonne
28/04/2018,Paris 4e,75104,24,35,20,Bonne,Bonne,Bonne,Bonne
28/04/2018,Paris 5e,75105,22,35,20,Bonne,Bonne,Bonne,Bonne
28/04/2018,Paris 6e,75106,22,35,20,Bonne,Bonne,Bonne,Bonne
28/04/2018,Paris 7e,75107,22,35,19,Bonne,Bonne,Bonne,Bonne
28/04/2018,Paris 8e,75108,24,36,19,Bonne,Bonne,Bonne,Bonne
28/04/2018,Paris 9e,75109,22,36,19,Bonne,Bonne,Bonne,Bonne
28/04/2018,Paris 10e,75110,23,36,19,Bonne,Bonne,Bonne,Bonne
28/04/2018,Paris 11e,75111,23,35,20,Bonne,Bonne,Bonne,Bonne
28/04/2018,Paris 12e,75112,22,35,22,Moyenne,Bonne,Moyenne,Bonne
28/04/2018,Paris 13e,75113,21,35,22,Moyenne,Bonne,Moyenne,Bonne
28/04/2018,Paris 14e,75114,20,36,20,Bonne,Bonne,Bonne,Bonne
28/04/2018,Paris 15e,75115,19,36,19,Bonne,Bonne,Bonne,Bonne
28/04/2018,Paris 16e,75116,28,36,19,Bonne,Bonne,Bonne,Bonne
28/04/2018,Paris 17e,75117,27,37,19,Bonne,Bonne,Bonne,Bonne
28/04/2018,Paris 18e,75118,22,37,19,Bonne,Bonne,Bonne,Bonne
28/04/2018,Paris 19e,75119,24,36,20,Bonne,Bonne,Bonne,Bonne
28/04/2018,Paris 20e,75120,22,35,20,Bonne,Bonne,Bonne,Bonne
29/04/2018,Paris 1er,75101,22,27,20,Bonne,Bonne,Bonne,Bonne
29/04/2018,Paris 2e,75102,22,27,20,Bonne,Bonne,Bonne,Bonne
29/04/2018,Paris 3e,75103,21,27,20,Bonne,Bonne,Bonne,Bonne
29/04/2018,Paris 4e,75104,22,27,20,Bonne,Bonne,Bonne,Bonne
29/04/2018,Paris 5e,75105,21,27,19,Bonne,Bonne,Bonne,Bonne
29/04/2018,Paris 6e,75106,22,27,19,Bonne,Bonne,Bonne,Bonne
29/04/2018,Paris 7e,75107,23,26,19,Bonne,Bonne,Bonne,Bonne
29/04/2018,Paris 8e,75108,23,26,20,Bonne,Bonne,Bonne,Bonne
29/04/2018,Paris 9e,75109,22,26,22,Moyenne,Bonne,Moyenne,Bonne
29/04/2018,Paris 10e,75110,22,27,22,Moyenne,Bonne,Moyenne,Bonne
29/04/2018,Paris 11e,75111,20,26,20,Bonne,Bonne,Bonne,Bonne
29/04/2018,Paris 12e,75112,20,26,19,Bonne,Bonne,Bonne,Bonne
29/04/2018,Paris 13e,75113,20,27,19,Bonne,Bonne,Bonne,Bonne
29/04/2018,Paris 14e,75114,21,26,19,Bonne,Bonne,Bonne,Bonne
29/04/2018,Paris 15e,75115,22,26,19,Bonne,Bonne,Bonne,Bonne
29/04/2018,Paris 16e,75116,22,25,20,Bonne,Bonne,Bonne,Bonne
29/04/2018,Paris 17e,75117,23,26,22,Moyenne,Bonne,Moyenne,Bonne
29/04/2018,Paris 18e,75118,23,26,22,Moyenne,Bonne,Moyenne,Bonne
29/04/2018,Paris 19e,75119,20,26,22,Moyenne,Bonne,Moyenne,Bonne
29/04/2018,Paris 20e,75120,20,26,20,Bonne,Bonne,Bonne,Bonne
30/04/2018,Paris 1er,75101,16,25,7,Bonne,Bonne,Bonne,Bonne
30/04/2018,Paris 2e,75102,17,26,9,Bonne,Bonne,Bonne,Bonne
30/04/2018,Paris 3e,75103,17,25,9,Bonne,Bonne,Bonne,Bonne
30/04/2018,Paris 4e,75104,17,25,9,Bonne,Bonne,Bonne,Bonne
30/04/2018,Paris 5e,75105,16,26,9,Bonne,Bonne,Bonne,Bonne
30/04/2018,Paris 6e,75106,16,26,7,Bonne,Bonne,Bonne,Bonne
30/04/2018,Paris 7e,75107,16,26,7,Bonne,Bonne,Bonne,Bonne
30/04/2018,Paris 8e,75108,16,26,9,Bonne,Bonne,Bonne,Bonne
30/04/2018,Paris 9e,75109,16,26,7,Bonne,Bonne,Bonne,Bonne
30/04/2018,Paris 10e,75110,17,26,9,Bonne,Bonne,Bonne,Bonne
30/04/2018,Paris 11e,75111,17,26,9,Bonne,Bonne,Bonne,Bonne
30/04/2018,Paris 12e,75112,16,27,9,Bonne,Bonne,Bonne,Bonne
30/04/2018,Paris 13e,75113,15,27,9,Bonne,Bonne,Bonne,Bonne
30/04/2018,Paris 14e,75114,14,27,7,Bonne,Bonne,Bonne,Bonne
30/04/2018,Paris 15e,75115,14,28,7,Bonne,Bonne,Bonne,Bonne
30/04/2018,Paris 16e,75116,16,28,9,Bonne,Bonne,Bonne,Bonne
30/04/2018,Paris 17e,75117,16,27,9,Bonne,Bonne,Bonne,Bonne
30/04/2018,Paris 18e,75118,16,28,9,Bonne,Bonne,Bonne,Bonne
30/04/2018,Paris 19e,75119,17,27,9,Bonne,Bonne,Bonne,Bonne
30/04/2018,Paris 20e,75120,17,26,9,Bonne,Bonne,Bonne,Bonne
